﻿<?xml version="1.0" encoding="utf-8"?>
<ROOT>
  <MENU-ALL>
	  <NAME>MENU01</NAME>
    <NODE DISP='Y' GRADE='00001' NAME='00010000' TYPE='MENU'>
      <NODE DISP='Y' MULTI='N' GROUP='N' GRADE='00001' TYPE='DLG'  TRCODE='A001' BMPFILE='01.bmp'>00010001</NODE>
      <NODE DISP='Y' MULTI='N' GROUP='N' GRADE='00001' TYPE='DLG'  TRCODE='A002' BMPFILE='02.bmp'>00010002</NODE>
      <NODE DISP='Y' MULTI='N' GROUP='N' GRADE='00001' TYPE='FUNC' TRCODE='A003' BMPFILE=''      >00010003</NODE>
    </NODE>
    <NODE DISP='Y' GRADE='00001' NAME='00020000' TYPE='MENU'>
      <NODE DISP='Y' MULTI='Y' GROUP='Y' GRADE='00001' TYPE='VIEW' TRCODE='Q001' BMPFILE='03.bmp'>00020001</NODE>
      <NODE DISP='Y' MULTI='Y' GROUP='Y' GRADE='00001' TYPE='VIEW' TRCODE='Q002' BMPFILE='04.bmp'>00020002</NODE>
      <NODE DISP='Y' MULTI='N' GROUP='N' GRADE='00001' TYPE='VIEW' TRCODE='Q003' BMPFILE='05.bmp'>00020003</NODE>
      <NODE DISP='Y' MULTI='N' GROUP='N' GRADE='00001' TYPE='VIEW' TRCODE='Q004' BMPFILE='06.bmp'>00020004</NODE>
      <NODE DISP='Y' MULTI='N' GROUP='N' GRADE='00001' TYPE='VIEW' TRCODE='Q005' BMPFILE='38.bmp'>00020005</NODE>
      <NODE DISP='Y' MULTI='Y' GROUP='N' GRADE='00001' TYPE='VIEW' TRCODE='Q006' BMPFILE='07.bmp'>00020006</NODE>
      <NODE DISP='Y' MULTI='N' GROUP='N' GRADE='00001' TYPE='VIEW' TRCODE='Q007' BMPFILE='08.bmp'>00020007</NODE>
    </NODE>
    <NODE DISP='Y' GRADE='00001' NAME='00030000' TYPE='MENU'>
      <NODE DISP='Y' MULTI='N' GROUP='Y' GRADE='00001' TYPE='VIEW' TRCODE='O001' BMPFILE='09.bmp'>00030001</NODE>
      <NODE DISP='Y' MULTI='N' GROUP='Y' GRADE='00001' TYPE='VIEW' TRCODE='O002' BMPFILE='10.bmp'>00030002</NODE>
      <NODE DISP='Y' MULTI='N' GROUP='Y' GRADE='00001' TYPE='DLG'  TRCODE='O003' BMPFILE='11.bmp'>00030003</NODE>
      <NODE DISP='Y' MULTI='Y' GROUP='Y' GRADE='00001' TYPE='VIEW' TRCODE='O004' BMPFILE='12.bmp'>00030004</NODE>
      <NODE DISP='Y' MULTI='Y' GROUP='Y' GRADE='00001' TYPE='VIEW' TRCODE='O005' BMPFILE='13.bmp'>00030005</NODE>
      <NODE DISP='Y' MULTI='N' GROUP='N' GRADE='00001' TYPE='VIEW' TRCODE='O006' BMPFILE='14.bmp'>00030006</NODE>
      <NODE DISP='Y' MULTI='N' GROUP='N' GRADE='00001' TYPE='VIEW' TRCODE='O007' BMPFILE='15.bmp'>00030007</NODE>
      <NODE DISP='Y' MULTI='N' GROUP='N' GRADE='00001' TYPE='VIEW' TRCODE='O008' BMPFILE='10.bmp'>00030008</NODE>
      <NODE DISP='N' MULTI='N' GROUP='N' GRADE='00001' TYPE='VIEW' TRCODE='O009' BMPFILE='13.bmp'>00030009</NODE>
    </NODE>
    <NODE DISP='Y' GRADE='00001' NAME='00040000' TYPE='MENU'>
      <NODE DISP='Y' MULTI='N' GROUP='N' GRADE='00001' TYPE='VIEW' TRCODE='B001' BMPFILE='16.bmp'>00040001</NODE>
      <NODE DISP='Y' MULTI='N' GROUP='N' GRADE='00001' TYPE='DLG'  TRCODE='B002' BMPFILE='39.bmp'>00040002</NODE>
      <NODE DISP='Y' MULTI='N' GROUP='N' GRADE='00001' TYPE='SEP'  TRCODE=''     BMPFILE=''      >SEP     </NODE>
      <NODE DISP='Y' MULTI='Y' GROUP='N' GRADE='00001' TYPE='VIEW' TRCODE='B011' BMPFILE='17.bmp'>00040003</NODE>
      <NODE DISP='Y' MULTI='Y' GROUP='N' GRADE='00001' TYPE='VIEW' TRCODE='B012' BMPFILE='40.bmp'>00040004</NODE>
      <NODE DISP='N' MULTI='N' GROUP='N' GRADE='00001' TYPE='VIEW' TRCODE='B013' BMPFILE='17.bmp'>00040005</NODE>
    </NODE>
    <NODE DISP='Y' GRADE='00101' NAME='00050000' TYPE='MENU'>
      <NODE DISP='Y' MULTI='N' GROUP='N' GRADE='00001' TYPE='VIEW' TRCODE='F001' BMPFILE='18.bmp'>00050001</NODE>
      <NODE DISP='Y' MULTI='N' GROUP='N' GRADE='00001' TYPE='VIEW' TRCODE='F002' BMPFILE='29.bmp'>00050002</NODE>
      <NODE DISP='Y' MULTI='N' GROUP='N' GRADE='00001' TYPE='VIEW' TRCODE='F003' BMPFILE='30.bmp'>00050003</NODE>
      <NODE DISP='Y' MULTI='N' GROUP='N' GRADE='00101' TYPE='VIEW' TRCODE='F004' BMPFILE='31.bmp'>00050004</NODE>
      <NODE DISP='Y' MULTI='N' GROUP='N' GRADE='00001' TYPE='VIEW' TRCODE='F005' BMPFILE='32.bmp'>00050005</NODE>
      <NODE DISP='Y' MULTI='Y' GROUP='N' GRADE='00001' TYPE='VIEW' TRCODE='F006' BMPFILE='18.bmp'>00050006</NODE>
    </NODE>
    <NODE DISP='Y' GRADE='00101' NAME='00060000' TYPE='MENU'>
      <NODE DISP='Y' MULTI='N' GROUP='N' GRADE='00001' TYPE='VIEW' TRCODE='X001' BMPFILE='19.bmp'>00060001</NODE>
      <NODE DISP='Y' MULTI='N' GROUP='N' GRADE='00001' TYPE='VIEW' TRCODE='X002' BMPFILE='33.bmp'>00060002</NODE>
      <NODE DISP='Y' MULTI='N' GROUP='N' GRADE='00001' TYPE='VIEW' TRCODE='X003' BMPFILE='34.bmp'>00060003</NODE>
      <NODE DISP='Y' MULTI='N' GROUP='N' GRADE='00001' TYPE='VIEW' TRCODE='X004' BMPFILE='35.bmp'>00060004</NODE>
      <NODE DISP='Y' MULTI='N' GROUP='N' GRADE='00101' TYPE='VIEW' TRCODE='X005' BMPFILE='36.bmp'>00060005</NODE>
      <NODE DISP='Y' MULTI='N' GROUP='N' GRADE='00001' TYPE='VIEW' TRCODE='X006' BMPFILE='37.bmp'>00060006</NODE>
      <NODE DISP='Y' MULTI='N' GROUP='N' GRADE='00101' TYPE='VIEW' TRCODE='X007' BMPFILE='37.bmp'>00060007</NODE>
    </NODE>
    <NODE DISP='Y' GRADE='00001' NAME='00070000' TYPE='MENU'>
      <NODE DISP='Y' MULTI='N' GROUP='N' GRADE='00001' TYPE='VIEW' TRCODE='M001' BMPFILE='20.bmp'>00070001</NODE>
      <NODE DISP='Y' MULTI='N' GROUP='N' GRADE='00001' TYPE='VIEW' TRCODE='M002' BMPFILE='21.bmp'>00070002</NODE>
      <NODE DISP='Y' MULTI='N' GROUP='N' GRADE='00001' TYPE='VIEW' TRCODE='M003' BMPFILE='22.bmp'>00070003</NODE>
      <NODE DISP='Y' MULTI='N' GROUP='N' GRADE='00001' TYPE='VIEW' TRCODE='M004' BMPFILE='41.bmp'>00070004</NODE>
      <NODE DISP='Y' MULTI='N' GROUP='N' GRADE='00001' TYPE='VIEW' TRCODE='M005' BMPFILE='42.bmp'>00070005</NODE>
      <NODE DISP='Y' MULTI='N' GROUP='N' GRADE='00001' TYPE='VIEW' TRCODE='M006' BMPFILE='42.bmp'>00070006</NODE>
    </NODE>
    <NODE DISP='Y' GRADE='00001' NAME='00080000' TYPE='MENU'>
      <NODE DISP='Y' MULTI='N' GROUP='N' GRADE='00001' TYPE='VIEW' TRCODE='J001' BMPFILE='23.bmp'>00080001</NODE>
      <NODE DISP='Y' MULTI='N' GROUP='N' GRADE='00001' TYPE='VIEW' TRCODE='J002' BMPFILE='24.bmp'>00080002</NODE>
    </NODE>
    <NODE DISP='Y' GRADE='10011' NAME='00090000' TYPE='MENU'>
      <NODE DISP='Y' MULTI='N' GROUP='N' GRADE='10011' TYPE='VIEW' TRCODE='R001' BMPFILE='25.bmp'>00090001</NODE>
      <NODE DISP='Y' MULTI='N' GROUP='N' GRADE='00001' TYPE='VIEW' TRCODE='R002' BMPFILE='26.bmp'>00090002</NODE>
    </NODE>
    <NODE DISP='N' GRADE='00101' NAME='00100000' TYPE='MENU'>
      <NODE DISP='N' MULTI='N' GROUP='N' GRADE='00101' TYPE='VIEW' TRCODE='N001' BMPFILE=''      >00100001</NODE>
    </NODE>
    <NODE DISP='Y' GRADE='11111' NAME='00110000' TYPE='MENU'>
		  <NODE DISP='Y' MULTI='N' GROUP='N' GRADE='11111' TYPE='VIEW' TRCODE='E001' BMPFILE='27.bmp'>00110001</NODE>
      <NODE DISP='Y' MULTI='N' GROUP='N' GRADE='00001' TYPE='VIEW' TRCODE='E002' BMPFILE='28.bmp'>00110002</NODE>
      <NODE DISP='Y' MULTI='N' GROUP='N' GRADE='00101' TYPE='VIEW' TRCODE='E003' BMPFILE='44.bmp'>00110003</NODE>
      <NODE DISP='Y' MULTI='N' GROUP='N' GRADE='00001' TYPE='VIEW' TRCODE='E004' BMPFILE=''      >00110004</NODE>
      <NODE DISP='Y' MULTI='N' GROUP='N' GRADE='11001' TYPE='VIEW' TRCODE='E011' BMPFILE=''      >00110011</NODE>
      <NODE DISP='Y' MULTI='N' GROUP='N' GRADE='11001' TYPE='VIEW' TRCODE='E012' BMPFILE=''      >00110012</NODE>
    </NODE>
    <NODE DISP='Y' GRADE='11111' NAME='00120000' TYPE='MENU'>
      <NODE DISP='Y' MULTI='N' GROUP='N' GRADE='11111' TYPE='FUNC' TRCODE='Z001' BMPFILE=''      >00120001</NODE>
      <NODE DISP='Y' MULTI='N' GROUP='N' GRADE='11111' TYPE='SEP'  TRCODE=''     BMPFILE=''      >SEP     </NODE>
      <NODE DISP='Y' MULTI='N' GROUP='N' GRADE='11111' TYPE='FUNC' TRCODE='Z011' BMPFILE=''      >00120002</NODE>
      <NODE DISP='Y' MULTI='N' GROUP='N' GRADE='11111' TYPE='TOOL' TRCODE='Z012' BMPFILE=''      >00120003</NODE>
      <NODE DISP='Y' MULTI='N' GROUP='N' GRADE='11111' TYPE='TOOL' TRCODE='Z013' BMPFILE=''      >00120004</NODE>
    </NODE>
    <NODE DISP='Y' GRADE='11111' NAME='00130000' TYPE='MENU'>
      <NODE DISP='Y' MULTI='N' GROUP='N' GRADE='11111' TYPE='VIEW' TRCODE='H001' BMPFILE='45.bmp'>00130001</NODE>
      <NODE DISP='Y' MULTI='N' GROUP='N' GRADE='11111' TYPE='DLG'  TRCODE='H002' BMPFILE=''      >00130002</NODE>
      <NODE DISP='Y' MULTI='N' GROUP='N' GRADE='11111' TYPE='DLG'  TRCODE='H003' BMPFILE=''      >00130003</NODE>
    </NODE>
	</MENU-ALL>

  <MENU-MAIN>
    <NAME>MENU01</NAME>
    <NODE DISP='Y' GRADE='00001' NAME='00010000' TYPE='MENU'>
      <NODE DISP='Y' MULTI='N' GROUP='N' GRADE='00001' TYPE='DLG'  TRCODE='A001' BMPFILE='01.bmp'>00010001</NODE>
      <NODE DISP='Y' MULTI='N' GROUP='N' GRADE='00001' TYPE='DLG'  TRCODE='A002' BMPFILE='02.bmp'>00010002</NODE>
      <NODE DISP='Y' MULTI='N' GROUP='N' GRADE='00001' TYPE='FUNC' TRCODE='A003' BMPFILE=''      >00010003</NODE>
    </NODE>
    <NODE DISP='Y' GRADE='00001' NAME='00020000' TYPE='MENU'>
      <NODE DISP='Y' MULTI='Y' GROUP='Y' GRADE='00001' TYPE='VIEW' TRCODE='Q001' BMPFILE='03.bmp'>00020001</NODE>
      <NODE DISP='Y' MULTI='Y' GROUP='Y' GRADE='00001' TYPE='VIEW' TRCODE='Q002' BMPFILE='04.bmp'>00020002</NODE>
      <NODE DISP='Y' MULTI='N' GROUP='N' GRADE='00001' TYPE='VIEW' TRCODE='Q003' BMPFILE='05.bmp'>00020003</NODE>
      <NODE DISP='Y' MULTI='N' GROUP='N' GRADE='00001' TYPE='VIEW' TRCODE='Q004' BMPFILE='06.bmp'>00020004</NODE>
      <NODE DISP='N' MULTI='N' GROUP='N' GRADE='00001' TYPE='VIEW' TRCODE='Q005' BMPFILE='38.bmp'>00020005</NODE>
      <NODE DISP='Y' MULTI='Y' GROUP='N' GRADE='00001' TYPE='VIEW' TRCODE='Q006' BMPFILE='07.bmp'>00020006</NODE>
      <NODE DISP='Y' MULTI='N' GROUP='N' GRADE='00001' TYPE='VIEW' TRCODE='Q007' BMPFILE='08.bmp'>00020007</NODE>
    </NODE>
    <NODE DISP='Y' GRADE='00001' NAME='00030000' TYPE='MENU'>
      <NODE DISP='Y' MULTI='N' GROUP='Y' GRADE='00001' TYPE='VIEW' TRCODE='O001' BMPFILE='09.bmp'>00030001</NODE>
      <NODE DISP='Y' MULTI='N' GROUP='Y' GRADE='00001' TYPE='VIEW' TRCODE='O002' BMPFILE='10.bmp'>00030002</NODE>
      <NODE DISP='Y' MULTI='N' GROUP='Y' GRADE='00001' TYPE='DLG'  TRCODE='O003' BMPFILE='11.bmp'>00030003</NODE>
      <NODE DISP='Y' MULTI='Y' GROUP='Y' GRADE='00001' TYPE='VIEW' TRCODE='O004' BMPFILE='12.bmp'>00030004</NODE>
      <NODE DISP='Y' MULTI='Y' GROUP='Y' GRADE='00001' TYPE='VIEW' TRCODE='O005' BMPFILE='13.bmp'>00030005</NODE>
      <NODE DISP='Y' MULTI='N' GROUP='N' GRADE='00001' TYPE='VIEW' TRCODE='O006' BMPFILE='14.bmp'>00030006</NODE>
      <NODE DISP='Y' MULTI='N' GROUP='N' GRADE='00001' TYPE='VIEW' TRCODE='O007' BMPFILE='15.bmp'>00030007</NODE>
      <NODE DISP='N' MULTI='N' GROUP='N' GRADE='00001' TYPE='VIEW' TRCODE='O008' BMPFILE='10.bmp'>00030008</NODE>
      <NODE DISP='N' MULTI='N' GROUP='N' GRADE='00001' TYPE='VIEW' TRCODE='O009' BMPFILE='13.bmp'>00030009</NODE>
    </NODE>
    <NODE DISP='Y' GRADE='00001' NAME='00040000' TYPE='MENU'>
      <NODE DISP='Y' MULTI='N' GROUP='N' GRADE='00001' TYPE='VIEW' TRCODE='B001' BMPFILE='16.bmp'>00040001</NODE>
      <NODE DISP='Y' MULTI='N' GROUP='N' GRADE='00001' TYPE='DLG'  TRCODE='B002' BMPFILE='39.bmp'>00040002</NODE>
      <NODE DISP='Y' MULTI='N' GROUP='N' GRADE='00001' TYPE='SEP'  TRCODE=''     BMPFILE=''      >SEP     </NODE>
      <NODE DISP='Y' MULTI='Y' GROUP='N' GRADE='00001' TYPE='VIEW' TRCODE='B011' BMPFILE='17.bmp'>00040003</NODE>
      <NODE DISP='N' MULTI='Y' GROUP='N' GRADE='00001' TYPE='VIEW' TRCODE='B012' BMPFILE='40.bmp'>00040004</NODE>
      <NODE DISP='N' MULTI='N' GROUP='N' GRADE='00001' TYPE='VIEW' TRCODE='B013' BMPFILE='17.bmp'>00040005</NODE>
    </NODE>
    <NODE DISP='Y' GRADE='00101' NAME='00050000' TYPE='MENU'>
      <NODE DISP='Y' MULTI='N' GROUP='N' GRADE='00001' TYPE='VIEW' TRCODE='F001' BMPFILE='18.bmp'>00050001</NODE>
      <NODE DISP='Y' MULTI='N' GROUP='N' GRADE='00001' TYPE='VIEW' TRCODE='F002' BMPFILE='29.bmp'>00050002</NODE>
      <NODE DISP='Y' MULTI='N' GROUP='N' GRADE='00001' TYPE='VIEW' TRCODE='F003' BMPFILE='30.bmp'>00050003</NODE>
      <NODE DISP='Y' MULTI='N' GROUP='N' GRADE='00101' TYPE='VIEW' TRCODE='F004' BMPFILE='31.bmp'>00050004</NODE>
      <NODE DISP='Y' MULTI='N' GROUP='N' GRADE='00001' TYPE='VIEW' TRCODE='F005' BMPFILE='32.bmp'>00050005</NODE>
      <NODE DISP='Y' MULTI='Y' GROUP='N' GRADE='00001' TYPE='VIEW' TRCODE='F006' BMPFILE='18.bmp'>00050006</NODE>
    </NODE>
    <NODE DISP='Y' GRADE='00101' NAME='00060000' TYPE='MENU'>
      <NODE DISP='Y' MULTI='N' GROUP='N' GRADE='00001' TYPE='VIEW' TRCODE='X001' BMPFILE='19.bmp'>00060001</NODE>
      <NODE DISP='Y' MULTI='N' GROUP='N' GRADE='00001' TYPE='VIEW' TRCODE='X002' BMPFILE='33.bmp'>00060002</NODE>
      <NODE DISP='Y' MULTI='N' GROUP='N' GRADE='00001' TYPE='VIEW' TRCODE='X003' BMPFILE='34.bmp'>00060003</NODE>
      <NODE DISP='Y' MULTI='N' GROUP='N' GRADE='00001' TYPE='VIEW' TRCODE='X004' BMPFILE='35.bmp'>00060004</NODE>
      <NODE DISP='Y' MULTI='N' GROUP='N' GRADE='00101' TYPE='VIEW' TRCODE='X005' BMPFILE='36.bmp'>00060005</NODE>
      <NODE DISP='Y' MULTI='N' GROUP='N' GRADE='00001' TYPE='VIEW' TRCODE='X006' BMPFILE='37.bmp'>00060006</NODE>
      <NODE DISP='N' MULTI='N' GROUP='N' GRADE='00101' TYPE='VIEW' TRCODE='X007' BMPFILE='37.bmp'>00060007</NODE>
    </NODE>
    <NODE DISP='Y' GRADE='00001' NAME='00070000' TYPE='MENU'>
      <NODE DISP='Y' MULTI='N' GROUP='N' GRADE='00001' TYPE='VIEW' TRCODE='M001' BMPFILE='20.bmp'>00070001</NODE>
      <NODE DISP='Y' MULTI='N' GROUP='N' GRADE='00001' TYPE='VIEW' TRCODE='M002' BMPFILE='21.bmp'>00070002</NODE>
      <NODE DISP='Y' MULTI='N' GROUP='N' GRADE='00001' TYPE='VIEW' TRCODE='M003' BMPFILE='22.bmp'>00070003</NODE>
      <NODE DISP='Y' MULTI='N' GROUP='N' GRADE='00001' TYPE='VIEW' TRCODE='M004' BMPFILE='41.bmp'>00070004</NODE>
      <NODE DISP='Y' MULTI='N' GROUP='N' GRADE='00001' TYPE='VIEW' TRCODE='M005' BMPFILE='42.bmp'>00070005</NODE>
      <NODE DISP='N' MULTI='N' GROUP='N' GRADE='00001' TYPE='VIEW' TRCODE='M006' BMPFILE='42.bmp'>00070006</NODE>
    </NODE>
    <NODE DISP='Y' GRADE='00001' NAME='00080000' TYPE='MENU'>
      <NODE DISP='Y' MULTI='N' GROUP='N' GRADE='00001' TYPE='VIEW' TRCODE='J001' BMPFILE='23.bmp'>00080001</NODE>
      <NODE DISP='Y' MULTI='N' GROUP='N' GRADE='00001' TYPE='VIEW' TRCODE='J002' BMPFILE='24.bmp'>00080002</NODE>
    </NODE>
    <NODE DISP='Y' GRADE='10011' NAME='00090000' TYPE='MENU'>
      <NODE DISP='Y' MULTI='N' GROUP='N' GRADE='10011' TYPE='VIEW' TRCODE='R001' BMPFILE='25.bmp'>00090001</NODE>
      <NODE DISP='Y' MULTI='N' GROUP='N' GRADE='00001' TYPE='VIEW' TRCODE='R002' BMPFILE='26.bmp'>00090002</NODE>
    </NODE>
    <NODE DISP='N' GRADE='00101' NAME='00100000' TYPE='MENU'>
      <NODE DISP='N' MULTI='N' GROUP='N' GRADE='00101' TYPE='VIEW' TRCODE='N001' BMPFILE=''      >00100001</NODE>
    </NODE>
    <NODE DISP='Y' GRADE='11111' NAME='00110000' TYPE='MENU'>
      <NODE DISP='Y' MULTI='N' GROUP='N' GRADE='11001' TYPE='VIEW' TRCODE='E001' BMPFILE='27.bmp'>00110001</NODE>
      <NODE DISP='Y' MULTI='N' GROUP='N' GRADE='00001' TYPE='VIEW' TRCODE='E002' BMPFILE='28.bmp'>00110002</NODE>
      <NODE DISP='Y' MULTI='N' GROUP='N' GRADE='00101' TYPE='VIEW' TRCODE='E003' BMPFILE='44.bmp'>00110003</NODE>
      <NODE DISP='Y' MULTI='N' GROUP='N' GRADE='00001' TYPE='VIEW' TRCODE='E004' BMPFILE=''      >00110004</NODE>
      <NODE DISP='N' MULTI='N' GROUP='N' GRADE='11001' TYPE='VIEW' TRCODE='E011' BMPFILE=''      >00110011</NODE>
      <NODE DISP='N' MULTI='N' GROUP='N' GRADE='11001' TYPE='VIEW' TRCODE='E012' BMPFILE=''      >00110012</NODE>
    </NODE>
    <NODE DISP='Y' GRADE='11111' NAME='00120000' TYPE='MENU'>
      <NODE DISP='Y' MULTI='N' GROUP='N' GRADE='11111' TYPE='FUNC' TRCODE='Z001' BMPFILE=''      >00120001</NODE>
      <NODE DISP='Y' MULTI='N' GROUP='N' GRADE='11111' TYPE='SEP'  TRCODE=''     BMPFILE=''      >SEP     </NODE>
      <NODE DISP='Y' MULTI='N' GROUP='N' GRADE='11111' TYPE='FUNC' TRCODE='Z011' BMPFILE=''      >00120002</NODE>
      <NODE DISP='Y' MULTI='N' GROUP='N' GRADE='11111' TYPE='TOOL' TRCODE='Z012' BMPFILE=''      >00120003</NODE>
      <NODE DISP='Y' MULTI='N' GROUP='N' GRADE='11111' TYPE='TOOL' TRCODE='Z013' BMPFILE=''      >00120004</NODE>
    </NODE>
    <NODE DISP='Y' GRADE='11111' NAME='00130000' TYPE='MENU'>
      <NODE DISP='N' MULTI='N' GROUP='N' GRADE='11111' TYPE='VIEW' TRCODE='H001' BMPFILE='45.bmp'>00130001</NODE>
      <NODE DISP='Y' MULTI='N' GROUP='N' GRADE='11111' TYPE='DLG'  TRCODE='H002' BMPFILE=''      >00130002</NODE>
      <NODE DISP='Y' MULTI='N' GROUP='N' GRADE='11111' TYPE='DLG'  TRCODE='H003' BMPFILE=''      >00130003</NODE>
    </NODE>
  </MENU-MAIN>

  <MENU-CITI>
    <NAME>MENU01</NAME>
    <NODE DISP='Y' GRADE='00001' NAME='00010000' TYPE='MENU'>
      <NODE DISP='Y' MULTI='N' GROUP='N' GRADE='00001' TYPE='DLG' TRCODE='A001'  BMPFILE='01.bmp'>00010001</NODE>
      <NODE DISP='Y' MULTI='N' GROUP='N' GRADE='00001' TYPE='DLG' TRCODE='A002'  BMPFILE='02.bmp'>00010002</NODE>
      <NODE DISP='N' MULTI='N' GROUP='N' GRADE='00001' TYPE='FUNC' TRCODE='A003' BMPFILE=''      >00010003</NODE>
    </NODE>
    <NODE DISP='Y' GRADE='00001' NAME='00020000' TYPE='MENU'>
      <NODE DISP='N' MULTI='Y' GROUP='Y' GRADE='00001' TYPE='VIEW' TRCODE='Q001' BMPFILE='03.bmp'>00020001</NODE>
      <NODE DISP='Y' MULTI='Y' GROUP='Y' GRADE='00001' TYPE='VIEW' TRCODE='Q002' BMPFILE='04.bmp'>00020002</NODE>
      <NODE DISP='Y' MULTI='N' GROUP='N' GRADE='00001' TYPE='VIEW' TRCODE='Q003' BMPFILE='05.bmp'>00020003</NODE>
      <NODE DISP='Y' MULTI='N' GROUP='N' GRADE='00001' TYPE='VIEW' TRCODE='Q004' BMPFILE='06.bmp'>00020004</NODE>
      <NODE DISP='N' MULTI='N' GROUP='N' GRADE='00001' TYPE='VIEW' TRCODE='Q005' BMPFILE='38.bmp'>00020005</NODE>
      <NODE DISP='N' MULTI='Y' GROUP='N' GRADE='00001' TYPE='VIEW' TRCODE='Q006' BMPFILE='07.bmp'>00020006</NODE>
      <NODE DISP='Y' MULTI='N' GROUP='N' GRADE='00001' TYPE='VIEW' TRCODE='Q007' BMPFILE='08.bmp'>00020007</NODE>
    </NODE>
    <NODE DISP='Y' GRADE='00001' NAME='00030000' TYPE='MENU'>
      <NODE DISP='N' MULTI='N' GROUP='Y' GRADE='00001' TYPE='VIEW' TRCODE='O001' BMPFILE='09.bmp'>00030001</NODE>
      <NODE DISP='Y' MULTI='N' GROUP='Y' GRADE='00001' TYPE='VIEW' TRCODE='O002' BMPFILE='10.bmp'>00030002</NODE>
      <NODE DISP='Y' MULTI='N' GROUP='Y' GRADE='00001' TYPE='DLG'  TRCODE='O003' BMPFILE='11.bmp'>00030003</NODE>
      <NODE DISP='Y' MULTI='Y' GROUP='Y' GRADE='00001' TYPE='VIEW' TRCODE='O004' BMPFILE='12.bmp'>00030004</NODE>
      <NODE DISP='Y' MULTI='Y' GROUP='Y' GRADE='00001' TYPE='VIEW' TRCODE='O005' BMPFILE='13.bmp'>00030005</NODE>
      <NODE DISP='Y' MULTI='N' GROUP='N' GRADE='00001' TYPE='VIEW' TRCODE='O006' BMPFILE='14.bmp'>00030006</NODE>
      <NODE DISP='Y' MULTI='N' GROUP='N' GRADE='00001' TYPE='VIEW' TRCODE='O007' BMPFILE='15.bmp'>00030007</NODE>
      <NODE DISP='Y' MULTI='N' GROUP='N' GRADE='00001' TYPE='VIEW' TRCODE='O008' BMPFILE='10.bmp'>00030008</NODE>
      <NODE DISP='N' MULTI='N' GROUP='N' GRADE='00001' TYPE='VIEW' TRCODE='O009' BMPFILE='13.bmp'>00030009</NODE>
    </NODE>
    <NODE DISP='Y' GRADE='00001' NAME='00040000' TYPE='MENU'>
      <NODE DISP='Y' MULTI='N' GROUP='N' GRADE='00001' TYPE='VIEW' TRCODE='B001' BMPFILE='16.bmp'>00040001</NODE>
      <NODE DISP='N' MULTI='N' GROUP='N' GRADE='00001' TYPE='DLG'  TRCODE='B002' BMPFILE='39.bmp'>00040002</NODE>
      <NODE DISP='Y' MULTI='N' GROUP='N' GRADE='00001' TYPE='SEP'  TRCODE=''     BMPFILE=''      >SEP     </NODE>
      <NODE DISP='Y' MULTI='Y' GROUP='N' GRADE='00001' TYPE='VIEW' TRCODE='B011' BMPFILE='17.bmp'>00040003</NODE>
      <NODE DISP='N' MULTI='Y' GROUP='N' GRADE='00001' TYPE='VIEW' TRCODE='B012' BMPFILE='40.bmp'>00040004</NODE>
      <NODE DISP='N' MULTI='N' GROUP='N' GRADE='00001' TYPE='VIEW' TRCODE='B013' BMPFILE='17.bmp'>00040005</NODE>
    </NODE>
    <NODE DISP='N' GRADE='00101' NAME='00050000' TYPE='MENU'>
      <NODE DISP='N' MULTI='N' GROUP='N' GRADE='00001' TYPE='VIEW' TRCODE='F001' BMPFILE='18.bmp'>00050001</NODE>
      <NODE DISP='N' MULTI='N' GROUP='N' GRADE='00001' TYPE='VIEW' TRCODE='F002' BMPFILE='29.bmp'>00050002</NODE>
      <NODE DISP='N' MULTI='N' GROUP='N' GRADE='00001' TYPE='VIEW' TRCODE='F003' BMPFILE='30.bmp'>00050003</NODE>
      <NODE DISP='N' MULTI='N' GROUP='N' GRADE='00101' TYPE='VIEW' TRCODE='F004' BMPFILE='31.bmp'>00050004</NODE>
      <NODE DISP='N' MULTI='N' GROUP='N' GRADE='00001' TYPE='VIEW' TRCODE='F005' BMPFILE='32.bmp'>00050005</NODE>
      <NODE DISP='N' MULTI='Y' GROUP='N' GRADE='00001' TYPE='VIEW' TRCODE='F006' BMPFILE='18.bmp'>00050006</NODE>
    </NODE>
    <NODE DISP='Y' GRADE='00101' NAME='00060000' TYPE='MENU'>
      <NODE DISP='Y' MULTI='N' GROUP='N' GRADE='00001' TYPE='VIEW' TRCODE='X001' BMPFILE='19.bmp'>00060001</NODE>
      <NODE DISP='Y' MULTI='N' GROUP='N' GRADE='00001' TYPE='VIEW' TRCODE='X002' BMPFILE='33.bmp'>00060002</NODE>
      <NODE DISP='Y' MULTI='N' GROUP='N' GRADE='00001' TYPE='VIEW' TRCODE='X003' BMPFILE='34.bmp'>00060003</NODE>
      <NODE DISP='Y' MULTI='N' GROUP='N' GRADE='00001' TYPE='VIEW' TRCODE='X004' BMPFILE='35.bmp'>00060004</NODE>
      <NODE DISP='Y' MULTI='N' GROUP='N' GRADE='00101' TYPE='VIEW' TRCODE='X005' BMPFILE='36.bmp'>00060005</NODE>
      <NODE DISP='Y' MULTI='N' GROUP='N' GRADE='00101' TYPE='VIEW' TRCODE='X006' BMPFILE='37.bmp'>00060006</NODE>
      <NODE DISP='N' MULTI='N' GROUP='N' GRADE='00101' TYPE='VIEW' TRCODE='X007' BMPFILE='37.bmp'>00060007</NODE>
    </NODE>
    <NODE DISP='Y' GRADE='00101' NAME='00070000' TYPE='MENU'>
      <NODE DISP='N' MULTI='N' GROUP='N' GRADE='00001' TYPE='VIEW' TRCODE='M001' BMPFILE='20.bmp'>00070001</NODE>
      <NODE DISP='Y' MULTI='N' GROUP='N' GRADE='00101' TYPE='VIEW' TRCODE='M002' BMPFILE='21.bmp'>00070002</NODE>
      <NODE DISP='Y' MULTI='N' GROUP='N' GRADE='00001' TYPE='VIEW' TRCODE='M003' BMPFILE='22.bmp'>00070003</NODE>
      <NODE DISP='Y' MULTI='N' GROUP='N' GRADE='00001' TYPE='VIEW' TRCODE='M004' BMPFILE='41.bmp'>00070004</NODE>
      <NODE DISP='Y' MULTI='N' GROUP='N' GRADE='00001' TYPE='VIEW' TRCODE='M005' BMPFILE='42.bmp'>00070005</NODE>
      <NODE DISP='N' MULTI='N' GROUP='N' GRADE='00101' TYPE='VIEW' TRCODE='M006' BMPFILE='42.bmp'>00070006</NODE>
    </NODE>
    <NODE DISP='Y' GRADE='00001' NAME='00080000' TYPE='MENU'>
      <NODE DISP='N' MULTI='N' GROUP='N' GRADE='00001' TYPE='VIEW' TRCODE='J001' BMPFILE='23.bmp'>00080001</NODE>
      <NODE DISP='Y' MULTI='N' GROUP='N' GRADE='00001' TYPE='VIEW' TRCODE='J002' BMPFILE='24.bmp'>00080002</NODE>
    </NODE>
    <NODE DISP='Y' GRADE='10011' NAME='00090000' TYPE='MENU'>
      <NODE DISP='Y' MULTI='N' GROUP='N' GRADE='10011' TYPE='VIEW' TRCODE='R001' BMPFILE='25.bmp'>00090001</NODE>
      <NODE DISP='N' MULTI='N' GROUP='N' GRADE='00001' TYPE='VIEW' TRCODE='R002' BMPFILE='26.bmp'>00090002</NODE>
    </NODE>
    <NODE DISP='N' GRADE='00101' NAME='00100000' TYPE='MENU'>
      <NODE DISP='N' MULTI='N' GROUP='N' GRADE='00101' TYPE='VIEW' TRCODE='N001' BMPFILE=''      >00100001</NODE>
    </NODE>
    <NODE DISP='Y' GRADE='11111' NAME='00110000' TYPE='MENU'>
      <NODE DISP='Y' MULTI='N' GROUP='N' GRADE='11111' TYPE='VIEW' TRCODE='E001' BMPFILE='27.bmp'>00110001</NODE>
      <NODE DISP='Y' MULTI='N' GROUP='N' GRADE='00001' TYPE='VIEW' TRCODE='E002' BMPFILE='28.bmp'>00110002</NODE>
      <NODE DISP='Y' MULTI='N' GROUP='N' GRADE='00101' TYPE='VIEW' TRCODE='E003' BMPFILE='44.bmp'>00110003</NODE>
      <NODE DISP='Y' MULTI='N' GROUP='N' GRADE='00001' TYPE='VIEW' TRCODE='E004' BMPFILE=''      >00110004</NODE>
      <NODE DISP='N' MULTI='N' GROUP='N' GRADE='11001' TYPE='VIEW' TRCODE='E011' BMPFILE=''      >00110011</NODE>
      <NODE DISP='N' MULTI='N' GROUP='N' GRADE='11001' TYPE='VIEW' TRCODE='E012' BMPFILE=''      >00110012</NODE>
    </NODE>
    <NODE DISP='Y' GRADE='11111' NAME='00120000' TYPE='MENU'>
      <NODE DISP='Y' MULTI='N' GROUP='N' GRADE='11111' TYPE='FUNC' TRCODE='Z001' BMPFILE=''      >00120001</NODE>
      <NODE DISP='Y' MULTI='N' GROUP='N' GRADE='11111' TYPE='SEP'  TRCODE=''     BMPFILE=''      >SEP     </NODE>
      <NODE DISP='Y' MULTI='N' GROUP='N' GRADE='11111' TYPE='FUNC' TRCODE='Z011' BMPFILE=''      >00120002</NODE>
      <NODE DISP='Y' MULTI='N' GROUP='N' GRADE='11111' TYPE='TOOL' TRCODE='Z012' BMPFILE=''      >00120003</NODE>
      <NODE DISP='Y' MULTI='N' GROUP='N' GRADE='11111' TYPE='TOOL' TRCODE='Z013' BMPFILE=''      >00120004</NODE>
    </NODE>
    <NODE DISP='Y' GRADE='11111' NAME='00130000' TYPE='MENU'>
      <NODE DISP='N' MULTI='N' GROUP='N' GRADE='11111' TYPE='VIEW' TRCODE='H001' BMPFILE='45.bmp'>00130001</NODE>
      <NODE DISP='Y' MULTI='N' GROUP='N' GRADE='11111' TYPE='DLG'  TRCODE='H002' BMPFILE=''      >00130002</NODE>
      <NODE DISP='Y' MULTI='N' GROUP='N' GRADE='11111' TYPE='DLG'  TRCODE='H003' BMPFILE=''      >00130003</NODE>
    </NODE>
  </MENU-CITI>


  <TOOLBAR-ALL>
		<NAME>TOOLBAR01</NAME>
    <NODE TYPE='BUTTON' TRCODE='A001' NAME='00010001'></NODE>
    <NODE TYPE='BUTTON' TRCODE='E002' NAME='00110002'></NODE>
    <NODE TYPE='BUTTON' TRCODE='Q001' NAME='00020001'></NODE>
    <NODE TYPE='BUTTON' TRCODE='Q002' NAME='00020002'></NODE>
    <NODE TYPE='BUTTON' TRCODE='Q004' NAME='00020004'></NODE>
    <NODE TYPE='BUTTON' TRCODE='O001' NAME='00030001'></NODE>
    <NODE TYPE='BUTTON' TRCODE='O002' NAME='00030002'></NODE>
    <NODE TYPE='BUTTON' TRCODE='B001' NAME='00040001'></NODE>
    <NODE TYPE='BUTTON' TRCODE='B011' NAME='00040003'></NODE>
    <NODE TYPE='BUTTON' TRCODE='M002' NAME='00070002'></NODE>
    <NODE TYPE='BUTTON' TRCODE='J002' NAME='00080002'></NODE>
    <NODE TYPE='BUTTON' TRCODE='F001' NAME='00050001'></NODE>
    <NODE TYPE='BUTTON' TRCODE='X001' NAME='00060001'></NODE>
	</TOOLBAR-ALL>

  <TOOLBAR-MAIN>
    <NAME>TOOLBAR01</NAME>
    <NODE TYPE='BUTTON' TRCODE='A001' NAME='00010001'></NODE>
    <NODE TYPE='BUTTON' TRCODE='E002' NAME='00110002'></NODE>
    <NODE TYPE='BUTTON' TRCODE='Q001' NAME='00020001'></NODE>
    <NODE TYPE='BUTTON' TRCODE='Q002' NAME='00020002'></NODE>
    <NODE TYPE='BUTTON' TRCODE='O001' NAME='00030001'></NODE>
    <NODE TYPE='BUTTON' TRCODE='O002' NAME='00030002'></NODE>
    <NODE TYPE='BUTTON' TRCODE='B001' NAME='00040001'></NODE>
    <NODE TYPE='BUTTON' TRCODE='B011' NAME='00040003'></NODE>
    <NODE TYPE='BUTTON' TRCODE='M002' NAME='00070002'></NODE>
    <NODE TYPE='BUTTON' TRCODE='F001' NAME='00050001'></NODE>
    <NODE TYPE='BUTTON' TRCODE='X001' NAME='00060001'></NODE>
  </TOOLBAR-MAIN>

  <TOOLBAR-CITI>
    <NAME>TOOLBAR01</NAME>
    <NODE TYPE='BUTTON' TRCODE='A001' NAME='00010001'></NODE>
    <NODE TYPE='BUTTON' TRCODE='E002' NAME='00110002'></NODE>
    <NODE TYPE='BUTTON' TRCODE='Q004' NAME='00020004'></NODE>
    <NODE TYPE='BUTTON' TRCODE='O002' NAME='00030002'></NODE>
    <NODE TYPE='BUTTON' TRCODE='B001' NAME='00040001'></NODE>
    <NODE TYPE='BUTTON' TRCODE='B011' NAME='00040003'></NODE>
    <NODE TYPE='BUTTON' TRCODE='M002' NAME='00070002'></NODE>
    <NODE TYPE='BUTTON' TRCODE='J002' NAME='00080002'></NODE>
    <NODE TYPE='BUTTON' TRCODE='X001' NAME='00060001'></NODE>
  </TOOLBAR-CITI>


</ROOT>