<STUDY rtype="NUMERIC" series="FALSE"><INPUT name="PriceValueH" value="numericseries" using_series="TRUE" array_dim_cnt="0" type="NUMERIC"/><INPUT name="PriceValueL" value="numericseries" using_series="TRUE" array_dim_cnt="0" type="NUMERIC"/><INPUT name="PriceValueC" value="numericseries" using_series="TRUE" array_dim_cnt="0" type="NUMERIC"/><INPUT name="Len" value="numericsimple" using_series="FALSE" array_dim_cnt="0" type="NUMERIC"/><INPUT name="oDMIPlus" value="numericref" using_series="FALSE" array_dim_cnt="0" type="NUMERIC"/><INPUT name="oDMIMinus" value="numericref" using_series="FALSE" array_dim_cnt="0" type="NUMERIC"/><INPUT name="oDMI" value="numericref" using_series="FALSE" array_dim_cnt="0" type="NUMERIC"/><INPUT name="oADX" value="numericref" using_series="TRUE" array_dim_cnt="0" type="NUMERIC"/><INPUT name="oADXR" value="numericref" using_series="FALSE" array_dim_cnt="0" type="NUMERIC"/><INPUT name="oVolty" value="numericref" using_series="TRUE" array_dim_cnt="0" type="NUMERIC"/><USING_USER_FUNCTION name="mtruerangecustom"/><USING_USER_FUNCTION name="mcum"/></STUDY>
