<STUDY rtype="NUMERIC" series="FALSE"><INPUT name="PriceValueH" value="numericseries" using_series="TRUE" array_dim_cnt="0" type="NUMERIC"/><INPUT name="PriceValueL" value="numericseries" using_series="TRUE" array_dim_cnt="0" type="NUMERIC"/><INPUT name="PriceValueC" value="numericseries" using_series="FALSE" array_dim_cnt="0" type="NUMERIC"/><INPUT name="StochLen" value="numericsimple" using_series="FALSE" array_dim_cnt="0" type="NUMERIC"/><INPUT name="Len1" value="numericsimple" using_series="FALSE" array_dim_cnt="0" type="NUMERIC"/><INPUT name="Len2" value="numericsimple" using_series="FALSE" array_dim_cnt="0" type="NUMERIC"/><INPUT name="SmoothingType" value="numericsimple" using_series="FALSE" array_dim_cnt="0" type="NUMERIC"/><INPUT name="oFastK" value="numericref" using_series="FALSE" array_dim_cnt="0" type="NUMERIC"/><INPUT name="oFastD" value="numericref" using_series="TRUE" array_dim_cnt="0" type="NUMERIC"/><INPUT name="oSlowK" value="numericref" using_series="FALSE" array_dim_cnt="0" type="NUMERIC"/><INPUT name="oSlowD" value="numericref" using_series="FALSE" array_dim_cnt="0" type="NUMERIC"/><USING_USER_FUNCTION name="lowest"/><USING_USER_FUNCTION name="highest"/><USING_USER_FUNCTION name="cum"/><USING_USER_FUNCTION name="averagefc"/><USING_USER_FUNCTION name="xaverage"/><USING_USER_FUNCTION name="xaverageorig"/></STUDY>
