<STUDY><AVERAGEFC user_name="AVERAGEFC" rtype="2" series="0" creation_time="" compile_time="2012/09/27 17-30-41" modification_time="" compilesuccess="TRUE"/><SUMMATIONFC user_name="SUMMATIONFC" rtype="2" series="0" creation_time="" compile_time="2012/09/27 17-30-43" modification_time="" compilesuccess="TRUE"/><MACD user_name="MACD" rtype="2" series="0" creation_time="" compile_time="2012/09/27 17-30-45" modification_time="" compilesuccess="TRUE"/><CUM user_name="CUM" rtype="2" series="0" creation_time="" compile_time="2012/09/27 17-30-47" modification_time="" compilesuccess="TRUE"/><TRUERANGECUSTOM user_name="TRUERANGECUSTOM" rtype="2" series="0" creation_time="" compile_time="2012/09/27 17-30-49" modification_time="" compilesuccess="TRUE"/><DIRMOVEMENT user_name="DIRMOVEMENT" rtype="2" series="0" creation_time="" compile_time="2012/09/27 17-30-51" modification_time="2012/07/10 17-46-11" compilesuccess="TRUE"/><ADX user_name="ADX" rtype="2" series="0" creation_time="" compile_time="2012/09/27 17-30-53" modification_time="" compilesuccess="TRUE"/><TEST user_name="TEST" rtype="2" series="0" creation_time="" compile_time="2012/09/27 17-30-55" modification_time="" compilesuccess="TRUE"/><TEST2 user_name="TEST2" rtype="2" series="0" creation_time="" compile_time="2012/09/27 17-30-57" modification_time="" compilesuccess="TRUE"/><PIVOT user_name="PIVOT" rtype="2" series="0" creation_time="" compile_time="2012/09/27 17-30-59" modification_time="2012/05/23 13-38-02" compilesuccess="TRUE"/><SWINGHIGHBAR user_name="SWINGHIGHBAR" rtype="2" series="0" creation_time="" compile_time="2012/09/27 17-31-02" modification_time="" compilesuccess="TRUE"/><SWINGLOWBAR user_name="SWINGLOWBAR" rtype="2" series="0" creation_time="" compile_time="2012/09/27 17-31-04" modification_time="" compilesuccess="TRUE"/><EXTREMES user_name="EXTREMES" rtype="2" series="0" creation_time="" compile_time="2012/09/27 17-31-07" modification_time="" compilesuccess="TRUE"/><LOWEST user_name="LOWEST" rtype="2" series="0" creation_time="" compile_time="2012/09/27 17-31-10" modification_time="" compilesuccess="TRUE"/><HIGHEST user_name="HIGHEST" rtype="2" series="0" creation_time="" compile_time="2012/09/27 17-31-13" modification_time="" compilesuccess="TRUE"/><FASTKCUSTOM user_name="FASTKCUSTOM" rtype="2" series="0" creation_time="" compile_time="2012/09/27 17-31-16" modification_time="" compilesuccess="TRUE"/><FASTKCUSTOMEASY user_name="FASTKCUSTOMEASY" rtype="2" series="0" creation_time="" compile_time="2012/09/27 17-31-19" modification_time="" compilesuccess="TRUE"/><IFF user_name="IFF" rtype="2" series="0" creation_time="" compile_time="2012/09/27 17-31-22" modification_time="" compilesuccess="TRUE"/><NORMGRADIENTCOLOR user_name="NORMGRADIENTCOLOR" rtype="2" series="0" creation_time="" compile_time="2012/09/27 17-31-25" modification_time="" compilesuccess="TRUE"/><CROSSESOVER user_name="CROSSESOVER" rtype="2" series="0" creation_time="" compile_time="2012/09/27 17-31-28" modification_time="" compilesuccess="TRUE"/><CROSSESUNDER user_name="CROSSESUNDER" rtype="2" series="0" creation_time="" compile_time="2012/09/27 17-31-31" modification_time="" compilesuccess="TRUE"/><CROSSESABOVE user_name="CROSSESABOVE" rtype="2" series="0" creation_time="" compile_time="2012/09/27 17-31-34" modification_time="" compilesuccess="TRUE"/><CROSSESBELOW user_name="CROSSESBELOW" rtype="2" series="0" creation_time="" compile_time="2012/09/27 17-31-36" modification_time="" compilesuccess="TRUE"/><ACCUM user_name="accum" rtype="2" series="0" creation_time="2012/05/17 09-50-39" compile_time="2012/09/27 17-31-39" modification_time="2012/05/17 09-50-42" compilesuccess="TRUE"/><AVERAGE user_name="Average" rtype="2" series="0" creation_time="2012/05/17 09-51-05" compile_time="2012/09/27 17-31-41" modification_time="2012/05/17 09-51-07" compilesuccess="TRUE"/><AVGTRUERANGE user_name="Avgtruerange" rtype="2" series="0" creation_time="2012/05/17 09-51-26" compile_time="2012/09/27 17-31-43" modification_time="2012/05/17 09-51-28" compilesuccess="TRUE"/><BOLLINGERBAND user_name="Bollingerband" rtype="2" series="0" creation_time="2012/05/17 09-51-36" compile_time="2012/09/27 17-31-46" modification_time="2012/05/17 09-51-38" compilesuccess="TRUE"/><CCI user_name="CCI" rtype="2" series="0" creation_time="2012/05/17 09-51-44" compile_time="2012/09/27 17-31-49" modification_time="2012/05/17 09-51-46" compilesuccess="TRUE"/><EASEOFMOVEMENT user_name="EaseOfMovement" rtype="2" series="0" creation_time="2012/05/17 09-52-17" compile_time="2012/09/27 17-31-54" modification_time="2012/05/17 09-52-19" compilesuccess="TRUE"/><HPI user_name="HPI" rtype="2" series="0" creation_time="2012/05/17 09-52-54" compile_time="2012/09/27 17-31-57" modification_time="2012/05/23 13-20-50" compilesuccess="TRUE"/><MFI user_name="MFI" rtype="2" series="0" creation_time="2012/05/17 09-54-16" compile_time="2012/09/27 17-32-00" modification_time="2012/05/17 09-54-18" compilesuccess="TRUE"/><OBP user_name="OBP" rtype="2" series="0" creation_time="2012/05/17 09-54-48" compile_time="2012/09/27 17-32-04" modification_time="2012/05/17 09-54-49" compilesuccess="TRUE"/><OBV user_name="OBV" rtype="2" series="0" creation_time="2012/05/17 09-54-57" compile_time="2012/09/27 17-32-07" modification_time="2012/05/17 09-54-58" compilesuccess="TRUE"/><PSAR user_name="PSar" rtype="2" series="0" creation_time="2012/05/17 09-55-22" compile_time="2012/09/27 17-32-10" modification_time="2012/05/17 09-55-23" compilesuccess="TRUE"/><ROC user_name="ROC" rtype="2" series="0" creation_time="2012/05/17 09-55-48" compile_time="2012/09/27 17-32-14" modification_time="2012/05/17 09-55-50" compilesuccess="TRUE"/><STANDARDDEV user_name="StandardDev" rtype="2" series="0" creation_time="2012/05/17 09-56-12" compile_time="2012/09/27 17-32-20" modification_time="2012/05/17 09-56-13" compilesuccess="TRUE"/><SUM user_name="Sum" rtype="2" series="0" creation_time="2012/05/17 09-56-23" compile_time="2012/09/27 17-32-22" modification_time="2012/05/17 09-56-25" compilesuccess="TRUE"/><SUMMATION user_name="Summation" rtype="2" series="0" creation_time="2012/05/17 09-56-37" compile_time="2012/09/27 17-32-25" modification_time="2012/05/17 09-56-38" compilesuccess="TRUE"/><TRIX user_name="Trix" rtype="2" series="0" creation_time="2012/05/17 09-56-51" compile_time="2012/09/27 17-32-28" modification_time="2012/05/17 09-56-54" compilesuccess="TRUE"/><TRUEHIGH user_name="Truehigh" rtype="2" series="0" creation_time="2012/05/17 09-57-09" compile_time="2012/09/27 17-32-31" modification_time="2012/05/17 09-57-11" compilesuccess="TRUE"/><TRUELOW user_name="Truelow" rtype="2" series="0" creation_time="2012/05/17 09-57-17" compile_time="2012/09/27 17-32-34" modification_time="2012/05/17 09-57-18" compilesuccess="TRUE"/><VARIANCEPS user_name="VariancePS" rtype="2" series="0" creation_time="2012/05/17 09-57-47" compile_time="2012/09/27 17-32-36" modification_time="2012/05/17 09-57-48" compilesuccess="TRUE"/><WAVERAGE user_name="WAverage" rtype="2" series="0" creation_time="2012/05/17 09-58-01" compile_time="2012/09/27 17-32-39" modification_time="2012/05/17 09-58-09" compilesuccess="TRUE"/><TRUERANGE user_name="Truerange" rtype="2" series="0" creation_time="2012/05/17 09-57-30" compile_time="2012/09/27 17-32-41" modification_time="2012/05/17 09-58-14" compilesuccess="TRUE"/><SONAR user_name="Sonar" rtype="2" series="0" creation_time="2012/05/17 09-55-56" compile_time="2012/09/27 17-32-43" modification_time="2012/05/17 09-58-16" compilesuccess="TRUE"/><XAVERAGE user_name="XAverage" rtype="2" series="0" creation_time="2012/05/17 11-13-37" compile_time="2012/09/27 17-32-45" modification_time="2012/05/17 11-13-41" compilesuccess="TRUE"/><PIVOTHIGHVSBAR user_name="PivotHighVSBar" rtype="2" series="0" creation_time="2012/05/23 13-35-59" compile_time="2012/09/27 17-32-47" modification_time="2012/05/23 13-38-08" compilesuccess="TRUE"/><S_ROC user_name="S_ROC" rtype="2" series="0" creation_time="2012/06/25 13-46-33" compile_time="2012/09/27 17-32-49" modification_time="2012/06/25 15-30-00" compilesuccess="TRUE"/><RSI user_name="RSI" rtype="2" series="0" creation_time="2012/06/28 15-11-53" compile_time="2012/09/27 17-32-51" modification_time="2012/07/17 12-17-40" compilesuccess="TRUE"/><XAVERAGEORIG user_name="XAverageOrig" rtype="2" series="0" creation_time="2012/07/05 09-50-40" compile_time="2012/09/27 17-32-53" modification_time="2012/07/05 09-50-47" compilesuccess="TRUE"/><STOD user_name="StoD" rtype="2" series="0" creation_time="2012/07/05 10-22-49" compile_time="2012/09/27 17-32-55" modification_time="2012/07/05 17-40-21" compilesuccess="TRUE"/><STOK user_name="StoK" rtype="2" series="0" creation_time="2012/07/05 10-22-40" compile_time="2012/09/27 17-32-57" modification_time="2012/07/05 17-42-01" compilesuccess="TRUE"/><RMI user_name="RMI" rtype="2" series="0" creation_time="2012/07/10 14-36-18" compile_time="2012/09/27 17-32-59" modification_time="2012/07/17 12-32-14" compilesuccess="TRUE"/><RVI user_name="RVI" rtype="2" series="0" creation_time="2012/07/16 21-48-52" compile_time="2012/09/27 17-33-01" modification_time="2012/07/17 14-45-45" compilesuccess="TRUE"/><BINARYWAVE user_name="BinaryWave" rtype="2" series="0" creation_time="2012/07/26 10-48-14" compile_time="2012/09/27 17-33-03" modification_time="2012/07/26 10-50-43" compilesuccess="TRUE"/><BPDL_RSI user_name="BPDL_RSI" rtype="2" series="0" creation_time="2012/07/26 15-28-25" compile_time="2012/09/27 17-33-05" modification_time="2012/07/27 17-34-05" compilesuccess="TRUE"/><BPDL_SHORTTREND user_name="BPDL_ShortTrend" rtype="2" series="0" creation_time="2012/07/27 17-39-07" compile_time="2012/09/27 17-33-07" modification_time="2012/07/27 17-54-56" compilesuccess="TRUE"/><BPDL_STOCHASTIC user_name="BPDL_Stochastic" rtype="2" series="0" creation_time="2012/07/27 19-56-50" compile_time="2012/09/27 17-33-10" modification_time="2012/07/27 20-04-22" compilesuccess="TRUE"/><BPDL_TF user_name="BPDL_TF" rtype="2" series="0" creation_time="2012/07/27 20-05-57" compile_time="2012/09/27 17-33-12" modification_time="2012/07/28 11-50-58" compilesuccess="TRUE"/></STUDY>
