<STUDY name_kor="AverageTrueRange" name_eng="AverageTrueRange" dll_name="" yscale_as_instrument="FALSE" precision="0.010000"><PLOT index="1" using="TRUE" name="ATR" type="EPT_LINE,0" line_color="4080ff" back_color="4080ff" pen_style="EPT_SOLID,0" line_width="1" marker="TRUE"/><PLOT index="2" using="FALSE" name="aa" type="EPT_LINE,0" line_color="408000" back_color="408000" pen_style="EPT_SOLID,0" line_width="1" marker="TRUE"/><PLOT index="3" using="FALSE" name="bb" type="EPT_LINE,0" line_color="ff8080" back_color="ff8080" pen_style="EPT_SOLID,0" line_width="1" marker="TRUE"/><INPUT name="CPrice" value="C" using_series="TRUE" array_dim_cnt="0" type="NUMERIC"/><INPUT name="HPrice" value="H" using_series="FALSE" array_dim_cnt="0" type="NUMERIC"/><INPUT name="LPrice" value="L" using_series="FALSE" array_dim_cnt="0" type="NUMERIC"/><INPUT name="ATRLength" value="14" using_series="FALSE" array_dim_cnt="0" type="NUMERIC"/><USING_ELEMENT element="c" etype="0" index="0"/><USING_ELEMENT element="h" etype="2" index="0"/><USING_ELEMENT element="l" etype="3" index="0"/><USING_USER_FUNCTION name="avgtruerange"/></STUDY>
