<STUDY name_kor="BinaryWaveMACD" name_eng="BinaryWaveMACD" dll_name="" yscale_as_instrument="FALSE" precision="0.010000"><PLOT index="1" using="TRUE" name="BinaryWave MACD" type="EPT_LINE,0" line_color="4080ff" back_color="4080ff" pen_style="EPT_SOLID,0" line_width="1" marker="TRUE"/><PLOT index="2" using="TRUE" name="Signal" type="EPT_LINE,0" line_color="408000" back_color="408000" pen_style="EPT_SOLID,0" line_width="1" marker="TRUE"/><INPUT name="Price" value="C" using_series="TRUE" array_dim_cnt="0" type="NUMERIC"/><INPUT name="TermROC" value="12" using_series="FALSE" array_dim_cnt="0" type="NUMERIC"/><INPUT name="TermXAvg" value="20" using_series="FALSE" array_dim_cnt="0" type="NUMERIC"/><INPUT name="TermMACD1" value="12" using_series="FALSE" array_dim_cnt="0" type="NUMERIC"/><INPUT name="TermMACD2" value="26" using_series="FALSE" array_dim_cnt="0" type="NUMERIC"/><INPUT name="TermMACD3" value="9" using_series="FALSE" array_dim_cnt="0" type="NUMERIC"/><INPUT name="TermSto1" value="5" using_series="FALSE" array_dim_cnt="0" type="NUMERIC"/><INPUT name="TermSto2" value="3" using_series="FALSE" array_dim_cnt="0" type="NUMERIC"/><USING_ELEMENT element="c" etype="0" index="0"/><USING_USER_FUNCTION name="binarywave"/><USING_USER_FUNCTION name="macd"/><USING_USER_FUNCTION name="xaverage"/></STUDY>
