<STUDY name_kor="BollingerBands" name_eng="BollingerBands" dll_name="" yscale_as_instrument="TRUE" precision="0.010000"><PLOT index="1" using="TRUE" name="UpperBand" type="EPT_LINE,0" line_color="4080ff" back_color="4080ff" pen_style="EPT_SOLID,0" line_width="1" marker="TRUE"/><PLOT index="2" using="TRUE" name="LowerBand" type="EPT_LINE,0" line_color="408000" back_color="408000" pen_style="EPT_SOLID,0" line_width="1" marker="TRUE"/><PLOT index="3" using="TRUE" name="MidLine" type="EPT_LINE,0" line_color="ff8080" back_color="ff8080" pen_style="EPT_SOLID,0" line_width="1" marker="TRUE"/><INPUT name="Price" value="C" using_series="TRUE" array_dim_cnt="0" type="NUMERIC"/><INPUT name="Len" value="20" using_series="FALSE" array_dim_cnt="0" type="NUMERIC"/><INPUT name="Ratio" value="2" using_series="FALSE" array_dim_cnt="0" type="NUMERIC"/><USING_ELEMENT element="c" etype="0" index="0"/><USING_USER_FUNCTION name="averagefc"/><USING_USER_FUNCTION name="standarddev"/></STUDY>
