<STUDY name_kor="BWI" name_eng="BWI" dll_name="" yscale_as_instrument="FALSE" precision="0.010000"><PLOT index="1" using="TRUE" name="BWI" type="EPT_LINE,0" line_color="4080ff" back_color="4080ff" pen_style="EPT_SOLID,0" line_width="1" marker="TRUE"/><INPUT name="CPrice" value="C" using_series="FALSE" array_dim_cnt="0" type="NUMERIC"/><INPUT name="HPrice" value="H" using_series="FALSE" array_dim_cnt="0" type="NUMERIC"/><INPUT name="LPrice" value="L" using_series="FALSE" array_dim_cnt="0" type="NUMERIC"/><INPUT name="Len" value="20" using_series="FALSE" array_dim_cnt="0" type="NUMERIC"/><INPUT name="D1" value="2" using_series="FALSE" array_dim_cnt="0" type="NUMERIC"/><USING_ELEMENT element="c" etype="0" index="0"/><USING_ELEMENT element="h" etype="2" index="0"/><USING_ELEMENT element="l" etype="3" index="0"/><USING_USER_FUNCTION name="averagefc"/><USING_USER_FUNCTION name="standarddev"/></STUDY>
