<STUDY name_kor="EaseOfMovement" name_eng="EaseOfMovement" dll_name="" yscale_as_instrument="FALSE" precision="0.010000"><PLOT index="1" using="TRUE" name="EOM" type="EPT_LINE,0" line_color="4080ff" back_color="4080ff" pen_style="EPT_SOLID,0" line_width="1" marker="TRUE"/><PLOT index="2" using="TRUE" name="ZeroLine" type="EPT_LINE,0" line_color="408000" back_color="408000" pen_style="EPT_SOLID,0" line_width="1" marker="TRUE"/><INPUT name="HPrice" value="High" using_series="TRUE" array_dim_cnt="0" type="NUMERIC"/><INPUT name="LPrice" value="Low" using_series="TRUE" array_dim_cnt="0" type="NUMERIC"/><INPUT name="VPrice" value="Volume" using_series="FALSE" array_dim_cnt="0" type="NUMERIC"/><INPUT name="SmoothingLength" value="14" using_series="FALSE" array_dim_cnt="0" type="NUMERIC"/><USING_ELEMENT element="high" etype="2" index="0"/><USING_ELEMENT element="low" etype="3" index="0"/><USING_ELEMENT element="volume" etype="5" index="0"/><USING_USER_FUNCTION name="averagefc"/><USING_USER_FUNCTION name="easeofmovement"/></STUDY>
