<STUDY name_kor="MA3" name_eng="MA3" dll_name="" yscale_as_instrument="TRUE" precision="0.010000"><PLOT index="1" using="TRUE" name="FastAvg" type="EPT_LINE,0" line_color="4080ff" back_color="4080ff" pen_style="EPT_SOLID,0" line_width="1" marker="FALSE"/><PLOT index="2" using="TRUE" name="MedAvg" type="EPT_LINE,0" line_color="408000" back_color="408000" pen_style="EPT_SOLID,0" line_width="1" marker="FALSE"/><PLOT index="3" using="TRUE" name="SlowAvg" type="EPT_LINE,0" line_color="ff8080" back_color="ff8080" pen_style="EPT_SOLID,0" line_width="1" marker="FALSE"/><INPUT name="Price" value="Close" using_series="TRUE" array_dim_cnt="0" type="NUMERIC"/><INPUT name="FastLength" value="4" using_series="FALSE" array_dim_cnt="0" type="NUMERIC"/><INPUT name="MedLength" value="9" using_series="FALSE" array_dim_cnt="0" type="NUMERIC"/><INPUT name="SlowLength" value="18" using_series="FALSE" array_dim_cnt="0" type="NUMERIC"/><INPUT name="Displace" value="0" using_series="FALSE" array_dim_cnt="0" type="NUMERIC"/><USING_ELEMENT element="close" etype="0" index="0"/><USING_USER_FUNCTION name="averagefc"/></STUDY>
