<STUDY name_kor="MACDGradient" name_eng="MACDGradient" dll_name="" yscale_as_instrument="TRUE" precision="0.010000"><PLOT index="1000" using="TRUE" name="MACDGrad_H" type="EPT_BAR_HIGH,4" line_color="404080" back_color="404080" pen_style="EPT_SOLID,0" line_width="1" marker="TRUE"/><PLOT index="1001" using="TRUE" name="MACDGrad_L" type="EPT_BAR_LOW,5" line_color="ff00ff" back_color="ff00ff" pen_style="EPT_SOLID,0" line_width="1" marker="TRUE"/><PLOT index="1002" using="TRUE" name="MACDGrad_O" type="EPT_LEFT_TICK,6" line_color="4080ff" back_color="4080ff" pen_style="EPT_SOLID,0" line_width="1" marker="TRUE"/><PLOT index="1003" using="TRUE" name="MACDGrad_C" type="EPT_RIGHT_TICK,7" line_color="408000" back_color="408000" pen_style="EPT_SOLID,0" line_width="1" marker="TRUE"/><INPUT name="FastLength" value="12" using_series="FALSE" array_dim_cnt="0" type="NUMERIC"/><INPUT name="SlowLength" value="26" using_series="FALSE" array_dim_cnt="0" type="NUMERIC"/><INPUT name="MACDLength" value="9" using_series="FALSE" array_dim_cnt="0" type="NUMERIC"/><INPUT name="ColorNormLength" value="14" using_series="FALSE" array_dim_cnt="0" type="NUMERIC"/><INPUT name="UpColor" value="Yellow" using_series="FALSE" array_dim_cnt="0" type="NUMERIC"/><INPUT name="DnColor" value="Magenta" using_series="FALSE" array_dim_cnt="0" type="NUMERIC"/><USING_ELEMENT element="close" etype="0" index="0"/><USING_ELEMENT element="high" etype="2" index="0"/><USING_ELEMENT element="low" etype="3" index="0"/><USING_ELEMENT element="open" etype="1" index="0"/><USING_USER_FUNCTION name="macd"/><USING_USER_FUNCTION name="xaverage"/><USING_USER_FUNCTION name="normgradientcolor"/></STUDY>
