<STUDY name_kor="mTRENDLINEAUTOMATIC" name_eng="mTRENDLINEAUTOMATIC" dll_name="" yscale_as_instrument="FALSE" precision="0.010000"><INPUT name="SwHiStrength" value="4" using_series="FALSE" array_dim_cnt="0" type="NUMERIC"/><INPUT name="SwLoStrength" value="4" using_series="FALSE" array_dim_cnt="0" type="NUMERIC"/><INPUT name="BarsPast" value="10" using_series="FALSE" array_dim_cnt="0" type="NUMERIC"/><INPUT name="History" value="&quot;Yes&quot;" using_series="FALSE" array_dim_cnt="0" type="STRING"/><INPUT name="DnTLColor" value="Red" using_series="FALSE" array_dim_cnt="0" type="NUMERIC"/><INPUT name="UpTLColor" value="Cyan" using_series="FALSE" array_dim_cnt="0" type="NUMERIC"/><INPUT name="AlertType" value="&quot;IntraBar&quot;" using_series="FALSE" array_dim_cnt="0" type="STRING"/><USING_ELEMENT element="high" etype="2" index="0"/><USING_ELEMENT element="date" etype="4" index="0"/><USING_ELEMENT element="time" etype="0" index="0"/><USING_ELEMENT element="low" etype="3" index="0"/><USING_USER_FUNCTION name="mswinghighbar"/><USING_USER_FUNCTION name="mswinglowbar"/></STUDY>
