<STUDY name_kor="mVOLUMEAVG" name_eng="mVOLUMEAVG" dll_name="" yscale_as_instrument="FALSE" precision="0.010000"><PLOT index="1" using="TRUE" name="Vol" type="EPT_LINE,0" line_color="4080ff" back_color="4080ff" pen_style="EPT_SOLID,0" line_width="1" marker="TRUE"/><PLOT index="2" using="TRUE" name="VolAvg" type="EPT_LINE,0" line_color="408000" back_color="408000" pen_style="EPT_SOLID,0" line_width="1" marker="TRUE"/><INPUT name="AvgLength" value="50" using_series="FALSE" array_dim_cnt="0" type="NUMERIC"/><INPUT name="AlertPct" value="50" using_series="FALSE" array_dim_cnt="0" type="NUMERIC"/><INPUT name="UpColor" value="Cyan" using_series="FALSE" array_dim_cnt="0" type="NUMERIC"/><INPUT name="DownColor" value="Red" using_series="FALSE" array_dim_cnt="0" type="NUMERIC"/><USING_ELEMENT element="volume" etype="5" index="0"/><USING_USER_FUNCTION name="maveragefc"/><USING_USER_FUNCTION name="CrossesOver"/></STUDY>
