<STUDY name_kor="SMI" name_eng="SMI" dll_name="" yscale_as_instrument="FALSE" precision="0.010000"><PLOT index="1" using="TRUE" name="SMI" type="EPT_LINE,0" line_color="4080ff" back_color="4080ff" pen_style="EPT_SOLID,0" line_width="1" marker="TRUE"/><INPUT name="Price" value="C" using_series="FALSE" array_dim_cnt="0" type="NUMERIC"/><INPUT name="Len1" value="10" using_series="FALSE" array_dim_cnt="0" type="NUMERIC"/><INPUT name="Len2" value="3" using_series="FALSE" array_dim_cnt="0" type="NUMERIC"/><INPUT name="Len3" value="3" using_series="FALSE" array_dim_cnt="0" type="NUMERIC"/><USING_ELEMENT element="c" etype="0" index="0"/><USING_ELEMENT element="h" etype="2" index="0"/><USING_ELEMENT element="l" etype="3" index="0"/><USING_USER_FUNCTION name="xaverage"/></STUDY>
