<STUDY name_kor="StochasticsOscillator" name_eng="StochasticsOscillator" dll_name="" yscale_as_instrument="FALSE" precision="0.010000"><PLOT index="1" using="TRUE" name="Stochastics Osc" type="EPT_HISTOGRAM,1" line_color="4080ff" back_color="4080ff" pen_style="EPT_SOLID,0" line_width="1" marker="TRUE"/><INPUT name="Price" value="C" using_series="FALSE" array_dim_cnt="0" type="NUMERIC"/><INPUT name="Len1" value="12" using_series="FALSE" array_dim_cnt="0" type="NUMERIC"/><INPUT name="Len2" value="5" using_series="FALSE" array_dim_cnt="0" type="NUMERIC"/><INPUT name="Len3" value="5" using_series="FALSE" array_dim_cnt="0" type="NUMERIC"/><USING_ELEMENT element="c" etype="0" index="0"/><USING_USER_FUNCTION name="stok"/><USING_USER_FUNCTION name="stod"/></STUDY>
