<STUDY><MA3 user_name="MA3" creation_time="" compile_time="2012/09/27 17-33-16" modification_time="" compilesuccess="TRUE"/><MA5 user_name="MA5" creation_time="2012/05/17 10-02-03" compile_time="2012/09/27 17-33-19" modification_time="2012/05/17 10-02-04" compilesuccess="TRUE"/><EMA1 user_name="EMA1" creation_time="2012/05/17 10-00-33" compile_time="2012/09/27 17-33-21" modification_time="2012/05/17 11-18-49" compilesuccess="TRUE"/><EMA3 user_name="EMA3" creation_time="2012/05/17 10-00-39" compile_time="2012/09/27 17-33-23" modification_time="2012/05/17 10-00-40" compilesuccess="TRUE"/><EMA5 user_name="EMA5" creation_time="2012/05/17 10-00-49" compile_time="2012/09/27 17-33-25" modification_time="2012/05/17 10-00-50" compilesuccess="TRUE"/><WMA1 user_name="WMA1" creation_time="2012/05/17 10-18-38" compile_time="2012/09/27 17-33-27" modification_time="2012/05/17 10-18-40" compilesuccess="TRUE"/><WMA3 user_name="WMA3" creation_time="2012/05/17 10-18-46" compile_time="2012/09/27 17-33-29" modification_time="2012/05/17 10-18-47" compilesuccess="TRUE"/><WMA5 user_name="WMA5" creation_time="2012/05/17 10-18-52" compile_time="2012/09/27 17-33-31" modification_time="2012/05/17 10-18-53" compilesuccess="TRUE"/><VMA1 user_name="VMA1" creation_time="2012/05/17 10-06-36" compile_time="2012/09/27 17-33-33" modification_time="2012/05/17 10-06-38" compilesuccess="TRUE"/><VMA3 user_name="VMA3" creation_time="2012/05/17 10-06-44" compile_time="2012/09/27 17-33-36" modification_time="2012/05/17 10-06-45" compilesuccess="TRUE"/><VMA5 user_name="VMA5" creation_time="2012/05/17 10-06-51" compile_time="2012/09/27 17-33-38" modification_time="2012/05/17 10-06-53" compilesuccess="TRUE"/><VEMA1 user_name="VEMA1" creation_time="2012/05/17 10-06-12" compile_time="2012/09/27 17-33-41" modification_time="2012/05/17 10-06-13" compilesuccess="TRUE"/><VEMA3 user_name="VEMA3" creation_time="2012/05/17 10-06-21" compile_time="2012/09/27 17-33-43" modification_time="2012/05/17 10-06-22" compilesuccess="TRUE"/><VEMA5 user_name="VEMA5" creation_time="2012/05/17 10-06-28" compile_time="2012/09/27 17-33-45" modification_time="2012/05/17 10-06-29" compilesuccess="TRUE"/><VWMA1 user_name="VWMA1" creation_time="2012/05/17 10-16-22" compile_time="2012/09/27 17-33-47" modification_time="2012/05/17 10-16-23" compilesuccess="TRUE"/><VWMA3 user_name="VWMA3" creation_time="2012/05/17 10-16-31" compile_time="2012/09/27 17-33-49" modification_time="2012/05/17 10-16-33" compilesuccess="TRUE"/><VWMA5 user_name="VWMA5" creation_time="2012/05/17 10-16-38" compile_time="2012/09/27 17-33-51" modification_time="2012/05/17 10-16-39" compilesuccess="TRUE"/><AB_RATIO user_name="AB_Ratio" creation_time="2012/05/18 17-40-07" compile_time="2012/09/27 17-33-53" modification_time="2012/06/21 16-51-49" compilesuccess="TRUE"/><AMOUNT user_name="Amount" creation_time="2012/05/17 09-58-50" compile_time="2012/09/27 17-33-55" modification_time="2012/05/17 09-58-52" compilesuccess="TRUE"/><ADX user_name="ADX" creation_time="" compile_time="2012/09/27 17-33-57" modification_time="" compilesuccess="TRUE"/><ADXR user_name="ADXR" creation_time="" compile_time="2012/09/27 17-33-59" modification_time="" compilesuccess="TRUE"/><AVERAGETRUERANGE user_name="Averagetruerange" creation_time="2012/05/17 09-59-03" compile_time="2012/09/27 17-34-01" modification_time="2012/06/21 16-53-37" compilesuccess="TRUE"/><BOLLINGERBANDS user_name="BollingerBands" creation_time="2012/05/17 09-59-16" compile_time="2012/09/27 17-34-03" modification_time="2012/07/16 11-21-57" compilesuccess="TRUE"/><BWI user_name="BWI" creation_time="2012/05/23 14-46-49" compile_time="2012/09/27 17-34-05" modification_time="2012/07/17 14-56-26" compilesuccess="TRUE"/><CCI user_name="CCI" creation_time="2012/05/17 09-59-28" compile_time="2012/09/27 17-34-07" modification_time="2012/05/17 09-59-30" compilesuccess="TRUE"/><CHAIKINOSCILLATOR user_name="ChaikinOscillator" creation_time="2012/05/17 09-59-40" compile_time="2012/09/27 17-34-09" modification_time="2012/05/17 09-59-41" compilesuccess="TRUE"/><CHAIKINVOLATILITY user_name="ChaikinVolatility" creation_time="2012/05/17 09-59-57" compile_time="2012/09/27 17-34-11" modification_time="2012/06/28 14-23-50" compilesuccess="TRUE"/><DEMA user_name="DEMA" creation_time="2012/05/17 10-00-05" compile_time="2012/09/27 17-34-13" modification_time="2012/05/17 10-00-07" compilesuccess="TRUE"/><DMI user_name="DMI" creation_time="2012/05/17 10-00-13" compile_time="2012/09/27 17-34-15" modification_time="2012/05/17 10-00-15" compilesuccess="TRUE"/><MACD user_name="MACD" creation_time="" compile_time="2012/09/27 17-34-18" modification_time="" compilesuccess="TRUE"/><EASEOFMOVEMENT user_name="EaseOfMovement" creation_time="2012/05/17 10-00-25" compile_time="2012/09/27 17-34-20" modification_time="2012/05/17 10-00-26" compilesuccess="TRUE"/><ENVELOPE user_name="Envelope" creation_time="2012/05/17 10-00-59" compile_time="2012/09/27 17-34-22" modification_time="2012/05/17 10-01-00" compilesuccess="TRUE"/><HIGHLOW_ENVELOPE user_name="HighLow_Envelope" creation_time="2012/05/17 14-09-51" compile_time="2012/09/27 17-34-24" modification_time="2012/05/17 14-11-22" compilesuccess="TRUE"/><HIGHLOW_OSCILLATOR user_name="HighLow_Oscillator" creation_time="2012/05/17 14-11-47" compile_time="2012/09/27 17-34-26" modification_time="2012/05/17 14-13-41" compilesuccess="TRUE"/><MA1 user_name="MA1" creation_time="2012/05/17 10-01-31" compile_time="2012/09/27 17-34-28" modification_time="2012/05/17 10-01-32" compilesuccess="TRUE"/><MACDGRADIENT user_name="MACDGRADIENT" creation_time="" compile_time="2012/09/27 17-34-30" modification_time="" compilesuccess="TRUE"/><MAO user_name="MAO" creation_time="2012/05/17 10-02-19" compile_time="2012/09/27 17-34-33" modification_time="2012/05/17 10-02-21" compilesuccess="TRUE"/><MOMENTUM user_name="Momentum" creation_time="2012/05/17 10-02-35" compile_time="2012/09/27 17-34-35" modification_time="2012/05/17 10-02-36" compilesuccess="TRUE"/><OBV_MIDPOINT user_name="OBV_Midpoint" creation_time="2012/05/17 10-03-10" compile_time="2012/09/27 17-34-37" modification_time="2012/05/17 10-03-11" compilesuccess="TRUE"/><OBV_OSCILLATOR user_name="OBV_Oscillator" creation_time="2012/05/17 10-03-23" compile_time="2012/09/27 17-34-39" modification_time="2012/05/17 10-03-24" compilesuccess="TRUE"/><ONBALANCEPRICE user_name="OnBalancePrice" creation_time="2012/05/17 10-03-33" compile_time="2012/09/27 17-34-41" modification_time="2012/05/17 10-03-35" compilesuccess="TRUE"/><ONBALANCEVOLUME user_name="OnBalanceVolume" creation_time="2012/05/17 10-03-46" compile_time="2012/09/27 17-34-44" modification_time="2012/05/17 10-03-48" compilesuccess="TRUE"/><PIVOT user_name="Pivot" creation_time="2012/05/23 13-35-37" compile_time="2012/09/27 17-34-46" modification_time="2012/05/23 13-38-42" compilesuccess="TRUE"/><PIVOTINTRA user_name="PivotIntra" creation_time="2012/05/23 13-41-39" compile_time="2012/09/27 17-34-49" modification_time="2012/05/29 13-55-02" compilesuccess="TRUE"/><PSAR user_name="PSar" creation_time="2012/05/17 10-03-54" compile_time="2012/09/27 17-34-51" modification_time="2012/05/17 10-03-56" compilesuccess="TRUE"/><ROC user_name="ROC" creation_time="2012/05/17 10-04-01" compile_time="2012/09/27 17-34-53" modification_time="2012/07/09 11-20-44" compilesuccess="TRUE"/><RVI user_name="RVI" creation_time="2012/05/23 17-14-23" compile_time="2012/09/27 17-34-55" modification_time="2012/07/17 12-24-38" compilesuccess="TRUE"/><SONAR user_name="Sonar" creation_time="2012/05/17 10-04-20" compile_time="2012/09/27 17-34-58" modification_time="2012/05/17 10-04-22" compilesuccess="TRUE"/><S_ROC user_name="S_ROC" creation_time="2012/05/17 10-04-12" compile_time="2012/09/27 17-35-00" modification_time="2012/06/25 15-30-48" compilesuccess="TRUE"/><TEST user_name="TEST" creation_time="" compile_time="2012/09/27 17-35-03" modification_time="" compilesuccess="TRUE"/><TRENDLINEAUTOMATIC user_name="TRENDLINEAUTOMATIC" creation_time="" compile_time="2012/09/27 17-35-05" modification_time="" compilesuccess="TRUE"/><TRUERANGE user_name="Truerange" creation_time="2012/05/17 10-04-45" compile_time="2012/09/27 17-35-07" modification_time="2012/05/17 10-04-49" compilesuccess="TRUE"/><TRIX user_name="TRIX" creation_time="2012/05/17 10-04-34" compile_time="2012/09/27 17-35-09" modification_time="2012/05/17 10-04-36" compilesuccess="TRUE"/><MOVAVGEXPRIBBON user_name="MOVAVGEXPRIBBON" creation_time="" compile_time="2012/09/27 17-35-12" modification_time="" compilesuccess="TRUE"/><VOLUME user_name="Volume" creation_time="2012/05/17 10-09-05" compile_time="2012/09/27 17-35-14" modification_time="2012/05/17 10-09-08" compilesuccess="TRUE"/><VOLUMEAVG user_name="VOLUMEAVG" creation_time="" compile_time="2012/09/27 17-35-16" modification_time="" compilesuccess="TRUE"/><PRICECHANGELINE user_name="PriceChangeLine" creation_time="2012/06/21 14-40-04" compile_time="2012/09/27 17-35-18" modification_time="2012/06/21 16-50-49" compilesuccess="TRUE"/><TEMA user_name="TEMA" creation_time="2012/06/25 16-06-07" compile_time="2012/09/27 17-35-20" modification_time="2012/06/25 16-12-21" compilesuccess="TRUE"/><VHF user_name="VHF" creation_time="2012/06/25 16-12-10" compile_time="2012/09/27 17-35-22" modification_time="2012/06/25 17-41-30" compilesuccess="TRUE"/><RSI user_name="RSI" creation_time="2012/06/28 15-10-56" compile_time="2012/09/27 17-35-24" modification_time="2012/07/17 09-56-46" compilesuccess="TRUE"/><STANDARDDEVIATION user_name="StandardDeviation" creation_time="2012/06/29 10-06-58" compile_time="2012/09/27 17-35-26" modification_time="2012/06/29 10-15-26" compilesuccess="TRUE"/><DISPARITY user_name="Disparity" creation_time="2012/06/29 10-17-06" compile_time="2012/09/27 17-35-28" modification_time="2012/06/29 10-18-25" compilesuccess="TRUE"/><BANDWIDTH user_name="BandWidth" creation_time="2012/07/04 10-07-10" compile_time="2012/09/27 17-35-30" modification_time="2012/07/04 10-12-14" compilesuccess="TRUE"/><BINARYWAVE user_name="BinaryWave" creation_time="2012/07/04 10-15-53" compile_time="2012/09/27 17-35-33" modification_time="2012/07/26 10-50-47" compilesuccess="TRUE"/><STOCHASTICS user_name="Stochastics" creation_time="2012/07/05 09-39-42" compile_time="2012/09/27 17-35-35" modification_time="2012/07/26 09-45-44" compilesuccess="TRUE"/><STOCHASTICSFAST user_name="StochasticsFast" creation_time="2012/07/05 14-25-52" compile_time="2012/09/27 17-35-37" modification_time="2012/07/26 09-45-31" compilesuccess="TRUE"/><STOCHASTICSOSCILLATOR user_name="StochasticsOscillator" creation_time="2012/07/05 14-40-02" compile_time="2012/09/27 17-35-39" modification_time="2012/07/05 14-40-42" compilesuccess="TRUE"/><SMI user_name="SMI" creation_time="2012/07/05 17-42-59" compile_time="2012/09/27 17-35-42" modification_time="2012/07/05 17-45-34" compilesuccess="TRUE"/><MASSINDEX user_name="MassIndex" creation_time="2012/07/09 09-58-10" compile_time="2012/09/27 17-35-44" modification_time="2012/07/09 11-01-07" compilesuccess="TRUE"/><NETCHANGEOSCILLATOR user_name="NetChangeOscillator" creation_time="2012/07/09 11-03-10" compile_time="2012/09/27 17-35-46" modification_time="2012/07/09 11-07-01" compilesuccess="TRUE"/><PRICEOSCILLATOR user_name="PriceOscillator" creation_time="2012/07/09 11-15-56" compile_time="2012/09/27 17-35-49" modification_time="2012/07/09 11-17-58" compilesuccess="TRUE"/><REVERSE user_name="Reverse" creation_time="2012/07/09 11-22-08" compile_time="2012/09/27 17-35-51" modification_time="2012/07/09 13-39-10" compilesuccess="TRUE"/><RMI user_name="RMI" creation_time="2012/07/10 13-54-43" compile_time="2012/09/27 17-35-54" modification_time="2012/07/17 12-33-17" compilesuccess="TRUE"/><BANDPCTB user_name="BandPctB" creation_time="2012/07/16 11-00-58" compile_time="2012/09/27 17-35-56" modification_time="2012/07/16 11-22-07" compilesuccess="TRUE"/><NORMPRICE user_name="NormPrice" creation_time="2012/07/24 11-03-06" compile_time="2012/09/27 17-35-59" modification_time="2012/07/24 11-04-52" compilesuccess="TRUE"/><SPREAD user_name="Spread" creation_time="2012/07/24 11-07-39" compile_time="2012/09/27 17-36-01" modification_time="2012/07/24 11-18-58" compilesuccess="TRUE"/><BINARYWAVEMACD user_name="BinaryWaveMACD" creation_time="2012/07/26 10-44-05" compile_time="2012/09/27 17-36-04" modification_time="2012/07/26 10-47-25" compilesuccess="TRUE"/><BPDL_RSI user_name="BPDL_RSI" creation_time="2012/07/26 15-10-22" compile_time="2012/09/27 17-36-11" modification_time="2012/07/27 19-54-39" compilesuccess="TRUE"/><BPDL_SHORTTREND user_name="BPDL_ShortTrend" creation_time="2012/07/27 17-34-49" compile_time="2012/09/27 17-36-17" modification_time="2012/07/27 17-38-49" compilesuccess="TRUE"/><BPDL_STOCHASTIC user_name="BPDL_Stochastic" creation_time="2012/07/27 19-55-03" compile_time="2012/09/27 17-36-20" modification_time="2012/07/27 19-57-28" compilesuccess="TRUE"/><BPDL_TRENDFILTER_RAW user_name="BPDL_TrendFilter_Raw" creation_time="2012/07/27 22-33-19" compile_time="2012/09/27 17-36-22" modification_time="2012/07/27 22-33-24" compilesuccess="TRUE"/><ELDERRAY_BEARPOWER user_name="ElderRay_BearPower" creation_time="2012/08/02 20-52-36" compile_time="2012/09/27 17-36-25" modification_time="2012/08/02 20-53-44" compilesuccess="TRUE"/><ELDERRAY_BULLPOWER user_name="ElderRay_BullPower" creation_time="2012/08/02 20-54-11" compile_time="2012/09/27 17-36-29" modification_time="2012/08/02 20-54-36" compilesuccess="TRUE"/><FORCE_INDEX user_name="Force_Index" creation_time="2012/08/02 20-56-01" compile_time="2012/09/27 17-36-32" modification_time="2012/08/02 21-02-24" compilesuccess="TRUE"/><FORCE_INDEX_LONGTERM user_name="Force_Index_Longterm" creation_time="2012/08/02 20-58-14" compile_time="2012/09/27 17-36-35" modification_time="2012/08/02 21-02-09" compilesuccess="TRUE"/><FORCE_INDEX_SHORTTERM user_name="Force_Index_Shortterm" creation_time="2012/08/02 20-59-36" compile_time="2012/09/27 17-36-38" modification_time="2012/08/02 21-01-57" compilesuccess="TRUE"/><GM_MCCLELLAN_OSCILLATOR user_name="GM_McClellan_Oscillator" creation_time="2012/08/02 21-00-47" compile_time="2012/09/27 17-36-40" modification_time="2012/08/02 21-06-43" compilesuccess="TRUE"/><GM_MCCLELLAN_SUMMATION user_name="GM_McClellan_Summation" creation_time="2012/08/02 21-05-20" compile_time="2012/09/27 17-36-43" modification_time="2012/08/02 21-09-58" compilesuccess="TRUE"/><DETRENDEDPRICEOSCILLATOR user_name="DetrendedPriceOscillator" creation_time="2012/08/02 21-16-31" compile_time="2012/09/27 17-36-45" modification_time="2012/08/02 21-19-57" compilesuccess="TRUE"/></STUDY>
