﻿<?xml version="1.0" encoding="utf-8"?>
<RESERVED>
	<COLOR>
		<ITEM name="black" replace="0x000000"/>
		<ITEM name="blue" replace="0x0000FF"/>
		<ITEM name="cyan" replace="0x00FFFF"/>
		<ITEM name="green" replace="0x00FF00"/>
		<ITEM name="magenta" replace="0xFF00FF"/>
		<ITEM name="red" replace="0xFF0000"/>
		<ITEM name="yellow" replace="0xFFFF00"/>
		<ITEM name="white" replace="0xFFFFFF"/>
		<ITEM name="dark blue" replace="0x000080"/>
		<ITEM name="dark cyan" replace="0x008080"/>
		<ITEM name="dark green" replace="0x008000"/>
		<ITEM name="dark magenta" replace="0x800080"/>
		<ITEM name="dark red" replace="0x800000"/>
		<ITEM name="dark brown" replace="0x008080"/>
		<ITEM name="dark gray" replace="0x808080"/>
		<ITEM name="light gray" replace="0xC0C0C0"/>
	</COLOR>
	<ELEMENT>
		<ITEM name="close" replace="close"/>
		<ITEM name="open" replace="open"/>
		<ITEM name="high" replace="high"/>
		<ITEM name="low" replace="low"/>
		<ITEM name="date" replace="date"/>
		<ITEM name="time" replace="_time"/>
		<ITEM name="volume" replace="volume"/>
		<ITEM name="amount" replace="amount"/>
		<ITEM name="openinterest" replace="openinterest"/>

		<ITEM name="c" replace="close"/>
		<ITEM name="o" replace="open"/>
		<ITEM name="h" replace="high"/>
		<ITEM name="l" replace="low"/>
		<ITEM name="d" replace="date"/>
		<ITEM name="t" replace="_time"/>
		<ITEM name="v" replace="volume"/>
		<ITEM name="amt" replace="amount"/>
		<ITEM name="openint" replace="openinterest"/>
		<ITEM name="oi" replace="openinterest"/>
	</ELEMENT>

	<VARIABLE>
		<ITEM name="barindex" replace="m_pEnv->pIFunc->GetBarIndex()" type="NUMERIC"/>
		<ITEM name="currentbar" replace="m_pEnv->pIFunc->GetCurrentBar()" type="NUMERIC"/>
		<ITEM name="execoffset" replace="GetExecOffset()" type="NUMERIC"/>
	</VARIABLE>

	<FUNCTION>
		<ITEM name="plot" replace="m_pEnv->pIPlot->Plot" rtype="NONE" optarg="1">
			<ARG name="Value" type="NUMERIC"/>
			<ARG name="Name" type="STRING"/>
			<ARG name="LineColor" type="NUMERIC"/>
			<ARG name="BackColor" type="NUMERIC"/>
			<ARG name="LineWidth" type="NUMERIC"/>
		</ITEM>

		<ITEM name="plotpb2" replace="m_pEnv->pIPlot->PlotPB2" rtype="NONE" optarg="2">
			<ARG name="High" type="NUMERIC"/>
			<ARG name="Low" type="NUMERIC"/>
			<ARG name="Name" type="STRING"/>
			<ARG name="LineColor" type="NUMERIC"/>
			<ARG name="BackColor" type="NUMERIC"/>
			<ARG name="LineWidth" type="NUMERIC"/>
		</ITEM>

		<ITEM name="plotpb4" replace="m_pEnv->pIPlot->PlotPB4" rtype="NONE" optarg="4">
			<ARG name="High" type="NUMERIC"/>
			<ARG name="Low" type="NUMERIC"/>
			<ARG name="Open" type="NUMERIC"/>
			<ARG name="Close" type="NUMERIC"/>
			<ARG name="Name" type="STRING"/>
			<ARG name="LineColor" type="NUMERIC"/>
			<ARG name="BackColor" type="NUMERIC"/>
			<ARG name="LineWidth" type="NUMERIC"/>
		</ITEM>

		<ITEM name="noplot" replace="m_pEnv->pIPlot->NoPlot" rtype="NONE">
			<ARG name="Index" type="NUMERIC"/>
		</ITEM>

		<ITEM name="setplotcolor" replace="m_pEnv->pIPlot->SetPlotColor" rtype="NONE">
			<ARG name="Index" type="NUMERIC"/>
			<ARG name="Color" type="NUMERIC"/>
		</ITEM>

		<ITEM name="absvalue" replace="m_pEnv->pIFunc->AbsValue" rtype="NUMERIC">
			<ARG name="Value" type="NUMERIC"/>
		</ITEM>		


		<ITEM name="alert" replace="Alert" rtype="NONE">
			<ARG name="Value" type="STRING"/>
		</ITEM>

		<ITEM name="trace" replace="m_pEnv->pIFunc->Trace" rtype="NONE" vararg="true">
			<ARG name="Format" type="STRING"/>
		</ITEM>

		<ITEM name="gradientcolor" replace="GradientColor" rtype="NUMERIC">
			<ARG name="Value" type="NUMERIC"/>
			<ARG name="MinValue" type="NUMERIC"/>
			<ARG name="MaxValue" type="NUMERIC"/>
			<ARG name="StartColor" type="NUMERIC"/>
			<ARG name="EndColor" type="NUMERIC"/>
		</ITEM>

		<ITEM name="upperstr" replace="UpperStr" rtype="STRING">
			<ARG name="In" type="STRING"/>
		</ITEM>

		<ITEM name="numtostr" replace="NumToStr" rtype="STRING">
			<ARG name="In" type="NUMERIC"/>
			<ARG name="Precision" type="NUMERIC"/>
		</ITEM>

<!-- 수학함수-START -->
		<ITEM name="absvalue" replace="AbsValue" rtype="NUMERIC">
			<ARG name="In" type="NUMERIC"/>
		</ITEM>

		<ITEM name="arctangent" replace="ArcTangent" rtype="NUMERIC">
			<ARG name="In" type="NUMERIC"/>
		</ITEM>

		<ITEM name="avglist" replace="AvgList" rtype="NUMERIC" vararg="true" arg1_is_argcnt="true" argtype="NUMERIC"/>

		<ITEM name="ceiling" replace="Ceiling" rtype="NUMERIC">
			<ARG name="In" type="NUMERIC"/>
		</ITEM>

		<ITEM name="cosine" replace="Cosine" rtype="NUMERIC">
			<ARG name="In" type="NUMERIC"/>
		</ITEM>

		<ITEM name="cotangent" replace="Cotangent" rtype="NUMERIC">
			<ARG name="In" type="NUMERIC"/>
		</ITEM>

		<ITEM name="expvalue" replace="ExpValue" rtype="NUMERIC">
			<ARG name="In" type="NUMERIC"/>
		</ITEM>

		<ITEM name="floor" replace="Floor" rtype="NUMERIC">
			<ARG name="In" type="NUMERIC"/>
		</ITEM>

		<ITEM name="fracportion" replace="FracPortion" rtype="NUMERIC">
			<ARG name="In" type="NUMERIC"/>
		</ITEM>

		<ITEM name="IntPortion" replace="IntPortion" rtype="NUMERIC">
			<ARG name="In" type="NUMERIC"/>
		</ITEM>

		<ITEM name="log" replace="Log" rtype="NUMERIC">
			<ARG name="In" type="NUMERIC"/>
		</ITEM>

		<ITEM name="maxlist" replace="MaxList" rtype="NUMERIC" vararg="true" arg1_is_argcnt="true" argtype="NUMERIC"/>

		<ITEM name="maxlist2" replace="MaxList2" rtype="NUMERIC" vararg="true" arg1_is_argcnt="true" argtype="NUMERIC"/>

		<ITEM name="minlist" replace="MinList" rtype="NUMERIC" vararg="true" arg1_is_argcnt="true" argtype="NUMERIC"/>

		<ITEM name="minlist2" replace="MinList2" rtype="NUMERIC" vararg="true" arg1_is_argcnt="true" argtype="NUMERIC"/>

		<ITEM name="mod" replace="Mod" rtype="NUMERIC">
			<ARG name="Dividend" type="NUMERIC"/>
			<ARG name="Divisor" type="NUMERIC"/>
		</ITEM>

		<ITEM name="neg" replace="Neg" rtype="NUMERIC">
			<ARG name="In" type="NUMERIC"/>
		</ITEM>

		<ITEM name="nthmaxlist" replace="NthMaxList" rtype="NUMERIC" vararg="true" arg1_is_argcnt="true" argtype="NUMERIC">
			<ARG name="Nth" type="NUMERIC"/>
		</ITEM>

		<ITEM name="nthminlist" replace="NthMinList" rtype="NUMERIC" vararg="true" arg1_is_argcnt="true" argtype="NUMERIC">
			<ARG name="Nth" type="NUMERIC"/>
		</ITEM>

		<ITEM name="pos" replace="AbsValue" rtype="NUMERIC">
			<ARG name="In" type="NUMERIC"/>
		</ITEM>

		<ITEM name="power" replace="Power" rtype="NUMERIC">
			<ARG name="X" type="NUMERIC"/>
			<ARG name="Y" type="NUMERIC"/>
		</ITEM>

		<ITEM name="random" replace="Random" rtype="NUMERIC">
			<ARG name="In" type="NUMERIC"/>
		</ITEM>

		<ITEM name="round" replace="Round" rtype="NUMERIC">
			<ARG name="In" type="NUMERIC"/>
			<ARG name="Precision" type="NUMERIC"/>
		</ITEM>

		<ITEM name="sign" replace="Sign" rtype="NUMERIC">
			<ARG name="In" type="NUMERIC"/>
		</ITEM>

		<ITEM name="sine" replace="Sine" rtype="NUMERIC">
			<ARG name="In" type="NUMERIC"/>
		</ITEM>

		<ITEM name="square" replace="Square" rtype="NUMERIC">
			<ARG name="In" type="NUMERIC"/>
		</ITEM>

		<ITEM name="squareroot" replace="SquareRoot" rtype="NUMERIC">
			<ARG name="In" type="NUMERIC"/>
		</ITEM>

		<ITEM name="sumlist" replace="SumList" rtype="NUMERIC" vararg="true" arg1_is_argcnt="true" argtype="NUMERIC"/>

		<ITEM name="tangent" replace="Tangent" rtype="NUMERIC">
			<ARG name="In" type="NUMERIC"/>
		</ITEM>
<!-- 수학함수-END -->

		<ITEM name="dayhigh" replace="DayHigh" rtype="NUMERIC">
		</ITEM>

		<ITEM name="daylow" replace="DayLow" rtype="NUMERIC">
		</ITEM>

		<ITEM name="dayopen" replace="DayOpen" rtype="NUMERIC">
		</ITEM>

		<ITEM name="dayclose" replace="DayClose" rtype="NUMERIC">
		</ITEM>

		<ITEM name="tl_new" replace="m_pEnv->pIFunc->TL_New" rtype="NUMERIC">
			<ARG name="SDate" type="NUMERIC"/>
			<ARG name="STime" type="NUMERIC"/>
			<ARG name="SPrice" type="NUMERIC"/>
			<ARG name="EDate" type="NUMERIC"/>
			<ARG name="ETime" type="NUMERIC"/>
			<ARG name="EPrice" type="NUMERIC"/>
		</ITEM>

		<ITEM name="tl_delete" replace="m_pEnv->pIFunc->TL_Delete" rtype="NUMERIC">
			<ARG name="ID" type="NUMERIC"/>
		</ITEM>

		<ITEM name="tl_setend" replace="m_pEnv->pIFunc->TL_SetEnd" rtype="NUMERIC">
			<ARG name="ID" type="NUMERIC"/>
			<ARG name="Date" type="NUMERIC"/>
			<ARG name="Time" type="NUMERIC"/>
			<ARG name="Value" type="NUMERIC"/>
		</ITEM>

		<ITEM name="tl_getvalue" replace="m_pEnv->pIFunc->TL_GetValue" rtype="NUMERIC">
			<ARG name="ID" type="NUMERIC"/>
			<ARG name="Date" type="NUMERIC"/>
			<ARG name="Time" type="NUMERIC"/>
		</ITEM>

		<ITEM name="tl_setextleft" replace="m_pEnv->pIFunc->TL_SetExtLeft" rtype="NUMERIC">
			<ARG name="ID" type="NUMERIC"/>
			<ARG name="Extend" type="BOOLEAN"/>
		</ITEM>

		<ITEM name="tl_setextright" replace="m_pEnv->pIFunc->TL_SetExtRight" rtype="NUMERIC">
			<ARG name="ID" type="NUMERIC"/>
			<ARG name="Extend" type="BOOLEAN"/>
		</ITEM>

		<ITEM name="tl_setcolor" replace="m_pEnv->pIFunc->TL_SetColor" rtype="NUMERIC">
			<ARG name="ID" type="NUMERIC"/>
			<ARG name="Color" type="NUMERIC"/>
		</ITEM>

		<ITEM name="tl_setalert" replace="m_pEnv->pIFunc->TL_SetAlert" rtype="NUMERIC">
			<ARG name="ID" type="NUMERIC"/>
			<ARG name="Value" type="NUMERIC"/>
		</ITEM>
	</FUNCTION>
</RESERVED>