<STUDY rtype="NUMERIC" series="FALSE"><INPUT name="Price" value="numericseries" using_series="TRUE" array_dim_cnt="0" type="NUMERIC"/><INPUT name="TermROC" value="numericsimple" using_series="FALSE" array_dim_cnt="0" type="NUMERIC"/><INPUT name="TermXAvg" value="numericsimple" using_series="FALSE" array_dim_cnt="0" type="NUMERIC"/><INPUT name="TermMACD1" value="numericsimple" using_series="FALSE" array_dim_cnt="0" type="NUMERIC"/><INPUT name="TermMACD2" value="numericsimple" using_series="FALSE" array_dim_cnt="0" type="NUMERIC"/><INPUT name="TermMACD3" value="numericsimple" using_series="FALSE" array_dim_cnt="0" type="NUMERIC"/><INPUT name="TermSto1" value="numericsimple" using_series="FALSE" array_dim_cnt="0" type="NUMERIC"/><INPUT name="TermSto2" value="numericsimple" using_series="FALSE" array_dim_cnt="0" type="NUMERIC"/><USING_ELEMENT element="l" etype="3" index="0"/><USING_ELEMENT element="h" etype="2" index="0"/><USING_USER_FUNCTION name="roc"/><USING_USER_FUNCTION name="xaverage"/><USING_USER_FUNCTION name="macd"/><USING_USER_FUNCTION name="lowest"/><USING_USER_FUNCTION name="highest"/></STUDY>
