<STUDY rtype="NUMERIC" series="FALSE"><INPUT name="PriceValue" value="numericseries" using_series="TRUE" array_dim_cnt="0" type="NUMERIC"/><INPUT name="Len" value="numericsimple" using_series="FALSE" array_dim_cnt="0" type="NUMERIC"/><INPUT name="LeftStrength" value="numericsimple" using_series="FALSE" array_dim_cnt="0" type="NUMERIC"/><INPUT name="RightStrength" value="numericsimple" using_series="FALSE" array_dim_cnt="0" type="NUMERIC"/><INPUT name="Instance" value="numericsimple" using_series="FALSE" array_dim_cnt="0" type="NUMERIC"/><INPUT name="HiLo" value="numericsimple" using_series="FALSE" array_dim_cnt="0" type="NUMERIC"/><INPUT name="oPivotPriceValue" value="numericref" using_series="FALSE" array_dim_cnt="0" type="NUMERIC"/><INPUT name="oPivotBar" value="numericref" using_series="FALSE" array_dim_cnt="0" type="NUMERIC"/></STUDY>
