<STUDY rtype="NUMERIC" series="FALSE"><INPUT name="HPrice" value="numericseries" using_series="TRUE" array_dim_cnt="0" type="NUMERIC"/><INPUT name="LPrice" value="numericseries" using_series="TRUE" array_dim_cnt="0" type="NUMERIC"/><INPUT name="AfStep" value="numericsimple" using_series="FALSE" array_dim_cnt="0" type="NUMERIC"/><INPUT name="AfLimit" value="numericsimple" using_series="FALSE" array_dim_cnt="0" type="NUMERIC"/><INPUT name="oParCl" value="numericref" using_series="FALSE" array_dim_cnt="0" type="NUMERIC"/><INPUT name="oParOp" value="numericref" using_series="FALSE" array_dim_cnt="0" type="NUMERIC"/><INPUT name="oPosition" value="numericref" using_series="FALSE" array_dim_cnt="0" type="NUMERIC"/><INPUT name="oTransition" value="numericref" using_series="FALSE" array_dim_cnt="0" type="NUMERIC"/></STUDY>
