<STUDY rtype="NUMERIC" series="FALSE"><INPUT name="Price" value="NumericSeries" using_series="FALSE" array_dim_cnt="0" type="NUMERIC"/><INPUT name="Len1" value="NumericSimple" using_series="FALSE" array_dim_cnt="0" type="NUMERIC"/><INPUT name="Len2" value="NumericSimple" using_series="FALSE" array_dim_cnt="0" type="NUMERIC"/><USING_ELEMENT element="l" etype="3" index="0"/><USING_ELEMENT element="h" etype="2" index="0"/><USING_USER_FUNCTION name="lowest"/><USING_USER_FUNCTION name="highest"/><USING_USER_FUNCTION name="xaverage"/></STUDY>
