<STUDY name_kor="GM_McClellan_Summation" name_eng="GM_McClellan_Summation" dll_name="" yscale_as_instrument="FALSE" precision="0.010000"><PLOT index="1" using="TRUE" name="GM McClellan Summation" type="EPT_LINE,0" line_color="4080ff" back_color="4080ff" pen_style="EPT_SOLID,0" line_width="1" marker="TRUE"/><INPUT name="Price" value="C" using_series="FALSE" array_dim_cnt="0" type="NUMERIC"/><INPUT name="Len" value="13" using_series="FALSE" array_dim_cnt="0" type="NUMERIC"/><USING_ELEMENT element="c" etype="0" index="0"/><USING_ELEMENT element="open" etype="1" index="0"/><USING_ELEMENT element="high" etype="2" index="0"/><USING_ELEMENT element="volume" etype="5" index="0"/><USING_USER_FUNCTION name="xaverage"/><USING_USER_FUNCTION name="accum"/></STUDY>
