<STUDY name_kor="HighLow_Envelope" name_eng="HighLow_Envelope" dll_name="" yscale_as_instrument="FALSE" precision="0.010000"><PLOT index="1" using="TRUE" name="High Low Envelope" type="EPT_LINE,0" line_color="4080ff" back_color="4080ff" pen_style="EPT_SOLID,0" line_width="1" marker="TRUE"/><INPUT name="HPrice" value="High" using_series="FALSE" array_dim_cnt="0" type="NUMERIC"/><INPUT name="LPrice" value="Low" using_series="FALSE" array_dim_cnt="0" type="NUMERIC"/><INPUT name="CPrice" value="Close" using_series="TRUE" array_dim_cnt="0" type="NUMERIC"/><USING_ELEMENT element="high" etype="2" index="0"/><USING_ELEMENT element="low" etype="3" index="0"/><USING_ELEMENT element="close" etype="0" index="0"/><USING_USER_FUNCTION name="roc"/></STUDY>
