<STUDY name_kor="mMACD" name_eng="mMACD" dll_name="" yscale_as_instrument="FALSE" precision="0.010000"><PLOT index="1" using="TRUE" name="MACD" type="EPT_LINE,0" line_color="4080ff" back_color="4080ff" pen_style="EPT_SOLID,0" line_width="1" marker="TRUE"/><PLOT index="2" using="TRUE" name="MACDAvg" type="EPT_LINE,0" line_color="408000" back_color="408000" pen_style="EPT_SOLID,0" line_width="1" marker="TRUE"/><PLOT index="3" using="TRUE" name="MACDDiff" type="EPT_LINE,0" line_color="ff8080" back_color="ff8080" pen_style="EPT_SOLID,0" line_width="1" marker="TRUE"/><PLOT index="4" using="TRUE" name="ZeroLine" type="EPT_LINE,0" line_color="ff" back_color="ff" pen_style="EPT_SOLID,0" line_width="1" marker="TRUE"/><INPUT name="FastLength" value="12" using_series="FALSE" array_dim_cnt="0" type="NUMERIC"/><INPUT name="SlowLength" value="26" using_series="FALSE" array_dim_cnt="0" type="NUMERIC"/><INPUT name="MACDLength" value="9" using_series="FALSE" array_dim_cnt="0" type="NUMERIC"/><USING_ELEMENT element="close" etype="0" index="0"/><USING_USER_FUNCTION name="macd"/><USING_USER_FUNCTION name="xaverage"/><USING_USER_FUNCTION name="CrossesOver"/><USING_USER_FUNCTION name="CrossesUnder"/></STUDY>
