<STUDY name_kor="mMA5" name_eng="mMA5" dll_name="" yscale_as_instrument="FALSE" precision="0.010000"><PLOT index="1" using="TRUE" name="1stAvg" type="EPT_LINE,0" line_color="4080ff" back_color="4080ff" pen_style="EPT_SOLID,0" line_width="1" marker="TRUE"/><PLOT index="2" using="TRUE" name="2ndAvg" type="EPT_LINE,0" line_color="408000" back_color="408000" pen_style="EPT_SOLID,0" line_width="1" marker="TRUE"/><PLOT index="3" using="TRUE" name="3rdAvg" type="EPT_LINE,0" line_color="ff8080" back_color="ff8080" pen_style="EPT_SOLID,0" line_width="1" marker="TRUE"/><PLOT index="4" using="TRUE" name="4thAvg" type="EPT_LINE,0" line_color="ff" back_color="ff" pen_style="EPT_SOLID,0" line_width="1" marker="TRUE"/><PLOT index="5" using="TRUE" name="5thAvg" type="EPT_LINE,0" line_color="ff0000" back_color="ff0000" pen_style="EPT_SOLID,0" line_width="1" marker="TRUE"/><INPUT name="Price" value="Close" using_series="TRUE" array_dim_cnt="0" type="NUMERIC"/><INPUT name="FirstLength" value="5" using_series="FALSE" array_dim_cnt="0" type="NUMERIC"/><INPUT name="SecondLength" value="10" using_series="FALSE" array_dim_cnt="0" type="NUMERIC"/><INPUT name="ThirdLength" value="20" using_series="FALSE" array_dim_cnt="0" type="NUMERIC"/><INPUT name="FourthLength" value="60" using_series="FALSE" array_dim_cnt="0" type="NUMERIC"/><INPUT name="FifthLength" value="120" using_series="FALSE" array_dim_cnt="0" type="NUMERIC"/><INPUT name="Displace" value="0" using_series="FALSE" array_dim_cnt="0" type="NUMERIC"/><USING_ELEMENT element="close" etype="0" index="0"/><USING_USER_FUNCTION name="maveragefc"/></STUDY>
