<STUDY name_kor="MovAvgExpRibbon" name_eng="MovAvgExpRibbon" dll_name="" yscale_as_instrument="TRUE" precision="0.010000"><PLOT index="1" using="TRUE" name="XMA1" type="EPT_LINE,0" line_color="4080ff" back_color="4080ff" pen_style="EPT_SOLID,0" line_width="1" marker="FALSE"/><PLOT index="2" using="TRUE" name="XMA2" type="EPT_LINE,0" line_color="408000" back_color="408000" pen_style="EPT_SOLID,0" line_width="1" marker="FALSE"/><PLOT index="3" using="TRUE" name="XMA3" type="EPT_LINE,0" line_color="ff8080" back_color="ff8080" pen_style="EPT_SOLID,0" line_width="1" marker="FALSE"/><PLOT index="4" using="TRUE" name="XMA4" type="EPT_LINE,0" line_color="ff" back_color="ff" pen_style="EPT_SOLID,0" line_width="1" marker="FALSE"/><PLOT index="5" using="TRUE" name="XMA5" type="EPT_LINE,0" line_color="ff0000" back_color="ff0000" pen_style="EPT_SOLID,0" line_width="1" marker="FALSE"/><PLOT index="6" using="TRUE" name="XMA6" type="EPT_LINE,0" line_color="408080" back_color="408080" pen_style="EPT_SOLID,0" line_width="1" marker="FALSE"/><PLOT index="7" using="TRUE" name="XMA7" type="EPT_LINE,0" line_color="808040" back_color="808040" pen_style="EPT_SOLID,0" line_width="1" marker="FALSE"/><PLOT index="8" using="TRUE" name="XMA8" type="EPT_LINE,0" line_color="c08080" back_color="c08080" pen_style="EPT_SOLID,0" line_width="1" marker="FALSE"/><INPUT name="Price" value="Close" using_series="FALSE" array_dim_cnt="0" type="NUMERIC"/><INPUT name="BaseLength" value="10" using_series="FALSE" array_dim_cnt="0" type="NUMERIC"/><INPUT name="ArithOrGeom_1or2" value="1" using_series="FALSE" array_dim_cnt="0" type="NUMERIC"/><INPUT name="IncrementOrMultiplier" value="10" using_series="FALSE" array_dim_cnt="0" type="NUMERIC"/><INPUT name="FastColor" value="Yellow" using_series="FALSE" array_dim_cnt="0" type="NUMERIC"/><INPUT name="SlowColor" value="Red" using_series="FALSE" array_dim_cnt="0" type="NUMERIC"/><USING_ELEMENT element="close" etype="0" index="0"/></STUDY>
