<STUDY name_kor="OBV_Midpoint" name_eng="OBV_Midpoint" dll_name="" yscale_as_instrument="FALSE" precision="0.010000"><PLOT index="1" using="TRUE" name="OBV(Midpoint)" type="EPT_LINE,0" line_color="4080ff" back_color="4080ff" pen_style="EPT_SOLID,0" line_width="1" marker="TRUE"/><INPUT name="HPrice" value="High" using_series="FALSE" array_dim_cnt="0" type="NUMERIC"/><INPUT name="LPrice" value="Low" using_series="FALSE" array_dim_cnt="0" type="NUMERIC"/><INPUT name="VPrice" value="Volume" using_series="FALSE" array_dim_cnt="0" type="NUMERIC"/><USING_ELEMENT element="high" etype="2" index="0"/><USING_ELEMENT element="low" etype="3" index="0"/><USING_ELEMENT element="volume" etype="5" index="0"/><USING_USER_FUNCTION name="obv"/></STUDY>
