<STUDY name_kor="PSAR" name_eng="PSAR" dll_name="" yscale_as_instrument="TRUE" precision="0.010000"><PLOT index="1" using="TRUE" name="PSAR" type="EPT_POINT,2" line_color="4080ff" back_color="4080ff" pen_style="EPT_SOLID,0" line_width="4" marker="TRUE"/><INPUT name="HPrice" value="High" using_series="TRUE" array_dim_cnt="0" type="NUMERIC"/><INPUT name="LPrice" value="Low" using_series="TRUE" array_dim_cnt="0" type="NUMERIC"/><INPUT name="AfStep" value="0.02" using_series="FALSE" array_dim_cnt="0" type="NUMERIC"/><INPUT name="AfLimit" value="0.2" using_series="FALSE" array_dim_cnt="0" type="NUMERIC"/><USING_ELEMENT element="high" etype="2" index="0"/><USING_ELEMENT element="low" etype="3" index="0"/><USING_USER_FUNCTION name="psar"/></STUDY>
