<STUDY name_kor="RSI" name_eng="RSI" dll_name="" yscale_as_instrument="FALSE" precision="0.010000"><PLOT index="1" using="TRUE" name="RSI" type="EPT_LINE,0" line_color="4080ff" back_color="4080ff" pen_style="EPT_SOLID,0" line_width="1" marker="TRUE"/><PLOT index="2" using="TRUE" name="OverBot" type="EPT_LINE,0" line_color="408000" back_color="408000" pen_style="EPT_SOLID,0" line_width="1" marker="FALSE"/><PLOT index="3" using="TRUE" name="OverSld" type="EPT_LINE,0" line_color="ff8080" back_color="ff8080" pen_style="EPT_SOLID,0" line_width="1" marker="FALSE"/><INPUT name="Price" value="Close" using_series="TRUE" array_dim_cnt="0" type="NUMERIC"/><INPUT name="Len" value="10" using_series="FALSE" array_dim_cnt="0" type="NUMERIC"/><INPUT name="OverBought" value="70" using_series="FALSE" array_dim_cnt="0" type="NUMERIC"/><INPUT name="OverSold" value="30" using_series="FALSE" array_dim_cnt="0" type="NUMERIC"/><USING_ELEMENT element="close" etype="0" index="0"/><USING_USER_FUNCTION name="rsi"/></STUDY>
