<STUDY name_kor="RVI" name_eng="RVI" dll_name="" yscale_as_instrument="FALSE" precision="0.010000"><PLOT index="1" using="TRUE" name="RVI" type="EPT_LINE,0" line_color="4080ff" back_color="4080ff" pen_style="EPT_SOLID,0" line_width="1" marker="TRUE"/><PLOT index="2" using="TRUE" name="Plot2" type="EPT_LINE,0" line_color="408000" back_color="408000" pen_style="EPT_SOLID,0" line_width="1" marker="FALSE"/><PLOT index="3" using="TRUE" name="Plot3" type="EPT_LINE,0" line_color="ff8080" back_color="ff8080" pen_style="EPT_SOLID,0" line_width="1" marker="FALSE"/><PLOT index="4" using="TRUE" name="Plot4" type="EPT_LINE,0" line_color="ff" back_color="ff" pen_style="EPT_SOLID,0" line_width="1" marker="FALSE"/><INPUT name="Price" value="C" using_series="TRUE" array_dim_cnt="0" type="NUMERIC"/><INPUT name="Len" value="14" using_series="FALSE" array_dim_cnt="0" type="NUMERIC"/><USING_ELEMENT element="c" etype="0" index="0"/><USING_USER_FUNCTION name="rvi"/></STUDY>
