<STUDY name_kor="Stochastics" name_eng="Stochastics" dll_name="" yscale_as_instrument="FALSE" precision="0.010000"><PLOT index="1" using="TRUE" name="StochasticsK" type="EPT_LINE,0" line_color="4080ff" back_color="4080ff" pen_style="EPT_SOLID,0" line_width="1" marker="TRUE"/><PLOT index="2" using="TRUE" name="StochasticsD" type="EPT_LINE,0" line_color="408000" back_color="408000" pen_style="EPT_SOLID,0" line_width="1" marker="TRUE"/><PLOT index="3" using="TRUE" name="OverBot" type="EPT_LINE,0" line_color="ff8080" back_color="ff8080" pen_style="EPT_SOLID,0" line_width="1" marker="FALSE"/><PLOT index="4" using="TRUE" name="OverSld" type="EPT_LINE,0" line_color="ff" back_color="ff" pen_style="EPT_SOLID,0" line_width="1" marker="FALSE"/><INPUT name="Price" value="C" using_series="FALSE" array_dim_cnt="0" type="NUMERIC"/><INPUT name="Len1" value="12" using_series="FALSE" array_dim_cnt="0" type="NUMERIC"/><INPUT name="Len2" value="5" using_series="FALSE" array_dim_cnt="0" type="NUMERIC"/><INPUT name="Len3" value="5" using_series="FALSE" array_dim_cnt="0" type="NUMERIC"/><USING_ELEMENT element="c" etype="0" index="0"/><USING_USER_FUNCTION name="stok"/><USING_USER_FUNCTION name="stod"/></STUDY>
