<STUDY name_kor="TRIX" name_eng="TRIX" dll_name="" yscale_as_instrument="FALSE" precision="0.010000"><PLOT index="1" using="TRUE" name="TRIX" type="EPT_LINE,0" line_color="4080ff" back_color="4080ff" pen_style="EPT_SOLID,0" line_width="1" marker="TRUE"/><PLOT index="2" using="TRUE" name="Plot2" type="EPT_LINE,0" line_color="408000" back_color="408000" pen_style="EPT_SOLID,0" line_width="1" marker="TRUE"/><PLOT index="3" using="TRUE" name="Plot3" type="EPT_LINE,0" line_color="ff8080" back_color="ff8080" pen_style="EPT_SOLID,0" line_width="1" marker="TRUE"/><INPUT name="CPrice" value="Close" using_series="FALSE" array_dim_cnt="0" type="NUMERIC"/><INPUT name="Length" value="12" using_series="FALSE" array_dim_cnt="0" type="NUMERIC"/><INPUT name="SigLength" value="9" using_series="FALSE" array_dim_cnt="0" type="NUMERIC"/><USING_ELEMENT element="close" etype="0" index="0"/><USING_USER_FUNCTION name="trix"/><USING_USER_FUNCTION name="xaverage"/></STUDY>
