<STUDY name_kor="VWMA3" name_eng="VWMA3" dll_name="" yscale_as_instrument="FALSE" precision="0.010000"><PLOT index="1" using="TRUE" name="VWMA1" type="EPT_LINE,0" line_color="4080ff" back_color="4080ff" pen_style="EPT_SOLID,0" line_width="1" marker="TRUE"/><PLOT index="2" using="TRUE" name="VWMA2" type="EPT_LINE,0" line_color="408000" back_color="408000" pen_style="EPT_SOLID,0" line_width="1" marker="TRUE"/><PLOT index="3" using="TRUE" name="VWMA3" type="EPT_LINE,0" line_color="ff8080" back_color="ff8080" pen_style="EPT_SOLID,0" line_width="1" marker="TRUE"/><INPUT name="Price" value="Volume" using_series="TRUE" array_dim_cnt="0" type="NUMERIC"/><INPUT name="FirstLength" value="5" using_series="FALSE" array_dim_cnt="0" type="NUMERIC"/><INPUT name="SecondLength" value="20" using_series="FALSE" array_dim_cnt="0" type="NUMERIC"/><INPUT name="ThirdLength" value="60" using_series="FALSE" array_dim_cnt="0" type="NUMERIC"/><INPUT name="Displace" value="0" using_series="FALSE" array_dim_cnt="0" type="NUMERIC"/><USING_ELEMENT element="volume" etype="5" index="0"/><USING_USER_FUNCTION name="waverage"/></STUDY>
